Workbook

Sheet diesel used
A1: စက်သုံးဆီဆိုင်မဟုတ်သည့် အခြားကဏ္ဍများ အရေးပေါ်စက်သုံးဆီလိုအပ်ချက်များ တင်ပြခြင်း
A2: စဥ် | B2: Center Name | C2: Type (Regular/ LNG) | D2: ဆီအမျိုးအစား (PD/HSD) | E2: ဝယ်ယူခဲ့ သည့် ကုမ္ပဏီ | F2: Machine Power | G2: Consumpiton Per Hour | H2: 46106 | M2: 46107 | R2: 46108 | W2: 46109 | AB2: 46110
D3: မသိရင် မဖြည့်လဲရပါသည် | E3: မသိရင် မဖြည့်လဲရပါသည် | F3: KVA | G3: Liter | H3: Generator Run Hr | I3: Daily Used (L) | J3: Spare Tank+Drum Balance (L) | K3: Blackout Hr (Gen 1 လုံးထက်ပိုသူများသာဖြည့်ရန်) | M3: Generator Run Hr | N3: Daily Used (L) | O3: Spare Tank+Drum Balance (L) | P3: Blackout Hr (Gen 1 လုံးထက်ပိုသူများသာဖြည့်ရန်) | R3: Generator Run Hr | S3: Daily Used (L) | T3: Spare Tank+Drum Balance (L) | U3: Blackout Hr (Gen 1 လုံးထက်ပိုသူများသာဖြည့်ရန်) | W3: Generator Run Hr | X3: Daily Used (L) | Y3: Spare Tank+Drum Balance (L) | Z3: Blackout Hr (Gen 1 လုံးထက်ပိုသူများသာဖြည့်ရန်) | AB3: Generator Run Hr | AC3: Daily Used (L) | AD3: Spare Tank+Drum Balance (L) | AE3: Blackout Hr (Gen 1 လုံးထက်ပိုသူများသာဖြည့်ရန်)
A4: ALL Total | H4: =SUM(H8:H60) -> 70.306667 | I4: =SUM(I8:I60) -> 3099.624 | J4: =SUM(J8:J60) -> 108786.81 | K4: =SUM(K8:K60) -> 0 | M4: =SUM(M8:M60) -> 88.443333 | N4: =SUM(N8:N60) -> 3743.306 | O4: =SUM(O8:O60) -> 109298.62 | P4: =SUM(P8:P60) -> 0 | R4: =SUM(R8:R60) -> 67.27 | S4: =SUM(S8:S60) -> 2335.81 | T4: =SUM(T8:T60) -> 111773.36 | U4: =SUM(U8:U60) -> 0 | W4: =SUM(W8:W60) -> 126.1075 | X4: =SUM(X8:X60) -> 5129.414 | Y4: =SUM(Y8:Y60) -> 107605.8 | Z4: =SUM(Z8:Z60) -> 5614 | AB4: =SUM(AB8:AB60) -> 82.14 | AC4: =SUM(AC8:AC60) -> 2340.082 | AD4: =SUM(AD8:AD60) -> 101978.83 | AE4: =SUM(AE8:AE60) -> 0
A6: နေ့စဥ် မနက်၉နာရီမခွဲခင် အပြီးဝင်ဖြည့်ပေးပါရန် | H6: *Generator run hour ကို နာရီပြောင်းပြီး ဖြည့်ပေးပါ။ ဥပမာ။ 5:15 ဆိုရင် 5+(15/60)= 5.25 Hr
H7: * spare tank balalce ကို site တစ်ခုအတွက် spare tank+drum အားလုံးစုစုပေါင်းပြီး တစ်ကြောင်းဘဲဖြည့်ပေးပါ။ Genrrator တစ်လုံးထက်ပိုသော site များအတွက် ကြိုက်ရာ generator တစ်ခု၏ဘေးတွင်ရေးပေးပါ။
A8: 1 | B8: CM19 | C8: Regular | F8: KOHLER-550 | G8: 75 | H8: =2+(16/60) -> 2.2666667 | I8: 105 | J8: 2924 | M8: =3+(19/60) -> 3.3166667 | N8: 160 | O8: 2661 | R8: 0 | S8: 0 | T8: 4566 | W8: =1+(10/60) -> 1.1666667 | X8: 51 | Y8: 5515 | AB8: =4+(0/60) -> 4 | AC8: 185 | AD8: 5330
A9: 2 | B9: CM19 | C9: Regular | F9: POWER MAX-150 | G9: 30 | H9: =2+(0/60) -> 2 | M9: =8+(0/60) -> 8 | N9: 103 | R9: =4+(0/60) -> 4 | S9: 95 | W9: 0 | X9: 0 | AB9: 0 | AC9: 0
A10: 3 | B10: CM19 | C10: Regular | F10: HIMOINSA-300 | G10: 40 | H10: 0 | I10: 0 | J10: 0 | M10: 0 | N10: 0 | R10: 0 | S10: 0 | W10: 0 | X10: 0 | AB10: 0 | AC10: 0
A11: 4 | B11: CMAYW | C11: Regular | F11: KOHLER-440 | G11: 60 | H11: =1+(7/60) -> 1.1166667 | I11: 22 | J11: 2146 | M11: =4+(22/60) -> 4.3666667 | N11: 192 | O11: 2954 | R11: =4+(7/30) -> 4.2333333 | S11: 90 | T11: 2864 | W11: =8+(60/60) -> 9 | X11: 378 | Y11: 2486 | AB11: =7+(28/60) -> 7.4666667 | AC11: 159 | AD11: 2327
A12: 5 | B12: CMDGSK | C12: Regular | F12: KOHLER-550 | G12: 70 | H12: 7.4 | I12: 309 | J12: 6809 | M12: 8.18 | N12: 373 | O12: 6418 | R12: 11.76 | S12: 418 | T12: 6100 | W12: 8.05 | X12: 386 | Y12: 5786 | Z12: 5614 | AB12: 8.42 | AC12: 205 | AD12: 5409
A13: 6 | B13: CMKSM | C13: Regular | F13: AKSA-100 | G13: 13 | H13: 0 | I13: 0 | M13: =24/60 -> 0.4 | N13: 4.546 | O13: 3041.01 | R13: 0 | S13: 0 | T13: 2995.55 | W13: =1+(52/60) -> 1.8666667 | X13: 18.184 | Y13: 2927.36 | AB13: =2+(8/60) -> 2.1333333 | AC13: 13.638 | AD13: 2872.808
A14: 7 | B14: CMKSM | C14: Regular | F14: KOHLER-350 | G14: 55 | R14: 0 | S14: 0 | W14: 0 | AB14: 0 | AC14: 0
A15: 8 | B15: CMKSM | C15: Regular | F15: LONGEN-275 | G15: 45.46 | H15: 0 | I15: 0 | J15: 3041.01 | M15: =2+(45/60) -> 2.75 | N15: 40.914 | R15: 0 | S15: 0 | W15: =1+(53/60) -> 1.8833333 | X15: 50.006 | AB15: =3+(26/60) -> 3.4333333 | AC15: 40.914
A16: 9 | B16: CMLNP | C16: Regular | F16: POWER MAX-500 | G16: 69 | H16: 0 | I16: 0 | J16: 3145.712 | M16: =2+(8/60) -> 2.1333333 | N16: 109.104 | O16: 5027.636 | R16: 0 | S16: 0 | T16: 5027.636 | W16: 0 | X16: 0 | Y16: 5027.636 | AB16: 0 | AC16: 0 | AD16: 5027.636
A17: 10 | B17: CMLNP | C17: Regular | F17: POWER MAX-500 | G17: 69 | H17: 0 | I17: 0 | M17: =2+(8/60) -> 2.1333333 | N17: 108.972 | R17: 0 | S17: 0 | W17: 0 | X17: 0 | AB17: 0 | AC17: 0
A18: 12 | B18: CMLPZD | C18: Regular | F18: POWER MAX-500 | G18: 70 | H18: =3+(1/60) -> 3.0166667 | I18: 182 | J18: 4501 | M18: =2+(58/60) -> 2.9666667 | N18: 141 | O18: 4700 | R18: =0+(50/60) -> 0.83333333 | S18: 45 | T18: 4610 | W18: =9+(30/60) -> 9.5 | X18: 395 | Y18: 4182 | AB18: =5+(13/60) -> 5.2166667 | AC18: 164 | AD18: 3787
A19: 11 | B19: CMLPZD | C19: Regular | F19: KOHLER MOBILE-550 | G19: 68 | H19: =3+(0/60) -> 3 | I19: 114 | J19: 4387 | M19: =1+(11/60) -> 1.1833333 | N19: 45 | O19: 4655 | R19: =0+(56/60) -> 0.93333333 | S19: 33 | T19: 4577 | W19: =4+(1/60) -> 4.0166667 | X19: 182 | Y19: 4000 | AB19: =1+(11/60) -> 1.1833333 | AC19: 49
A20: 13 | B20: CMLPZD | C20: Regular | F20: SDMO G3-700 | G20: 86 | H20: 0 | I20: 0 | J20: 0 | M20: 0 | N20: 0 | O20: 0 | R20: 0 | S20: 0 | W20: 0 | X20: 0
A21: 14 | B21: CMLSPL | C21: Regular | F21: HIMONISA-200 | G21: 18.184 | H21: 0 | I21: 0 | M21: 0 | N21: 0 | T21: 5041 | W21: =4+(23/60) -> 4.3833333 | X21: 73 | Y21: 3858 | AB21: =6+(17/60) -> 6.2833333 | AC21: 103 | AD21: 3755
A22: 15 | B22: CMLSPL | C22: Regular | F22: KOHLER-727 | G22: 90.92 | H22: =4+(26/60) -> 4.4333333 | I22: 318 | M22: =2+(55/60) -> 2.9166667 | N22: 227 | R22: =2+(43/60) -> 2.7166667 | S22: 173 | W22: =8+(45/60) -> 8.75 | X22: 641 | AB22: 0 | AC22: 0
A23: 16 | B23: CMLSPL | C23: Regular | F23: POWER MAX-500 | G23: 77.282 | H23: =4+(28/60) -> 4.4666667 | I23: 209 | J23: 4723 | M23: =2+(57/60) -> 2.95 | N23: 159 | O23: 5337 | R23: =2+(44/60) -> 2.7333333 | S23: 123 | W23: =8+(58/60) -> 8.9666667 | X23: 469 | AB23: 0 | AC23: 0
A24: 17 | B24: CMMNG | C24: Regular | F24: HARMONY-700 | G24: 18 | H24: =2+(40/60) -> 2.6666667 | I24: 136.308 | J24: 2627.42 | M24: =1+(7/60) -> 1.1166667 | N24: 72.736 | O24: 2554.684 | R24: 0 | S24: 0 | T24: 2554.684 | W24: =2+(13/60) -> 2.2166667 | X24: 113.65 | Y24: 2441.034 | AB24: 0 | AC24: 0 | AD24: 2441.034
A25: 18 | B25: CMPale | C25: Regular | F25: KOHLER-220 | G25: 22 | H25: 4.03 | I25: 105 | J25: 1912.5 | M25: 4.09 | N25: 107.5 | O25: 1650 | R25: 0 | S25: 0 | T25: 2650 | W25: 4.54 | X25: 112.5 | Y25: 2425 | AB25: 3.12 | AC25: 50 | AD25: 2300
A26: 19 | B26: CMPale | C26: Regular | F26: KOHLER-350 | G26: 32 | H26: 4.35 | I26: 97.5 | J26: 1913 | M26: 4.09 | N26: 140 | R26: 0 | S26: 0 | W26: 4.54 | X26: 112.5 | AB26: 3.12 | AC26: 75
A27: 20 | B27: CMPLST | C27: Regular | F27: AKSA-100 | G27: 13.65 | H27: 0 | I27: 0 | J27: 2837.5 | M27: 0 | N27: 0 | O27: 2678.75 | R27: 0 | S27: 0 | T27: 2678.75 | W27: =1+(4/60) -> 1.0666667 | X27: 9.1 | Y27: 2360.25 | AB27: 0 | AC27: 0 | AD27: 2360.25
A28: 21 | B28: CMPLST | C28: Regular | F28: KOHLER-550 | G28: 59.15 | H28: =2+(56/60) -> 2.9333333 | I28: 95.05 | M28: =1+(42/60) -> 1.7 | N28: 36.4 | R28: 0.98 | S28: 31.85 | W28: =14+(3/60) -> 14.05 | X28: 341.25 | AB28: =2+(23/60) -> 2.3833333 | AC28: 68.25
A29: 22 | B29: CMSDHG | C29: Regular | F29: KOHLER-440 | G29: 54 | H29: 5.91 | I29: 268.45 | J29: 3355.3 | M29: 7.36 | N29: 349.75 | O29: 3005.55 | R29: 12.28 | S29: 359.45 | T29: 2555.1 | W29: 9.25 | X29: 353.9 | Y29: 2201.2 | AB29: 5.01 | AC29: 95.55 | AD29: 2105.65
A30: 23 | B30: CMSDHG | C30: Regular | F30: KOHLER-440 | G30: 59
A31: 24 | B31: CMSPT | C31: Regular | F31: KOHLER-440 | G31: 59.1 | H31: 3.9 | I31: 181.84 | J31: 2650.018 | M31: 8.4 | N31: 390.884 | O31: 2259.134 | R31: 6.4 | S31: 277.282 | T31: 2981.852 | W31: 4 | X31: 254.54 | Y31: 2727.312 | AB31: 6.01 | AC31: 222.73 | AD31: 2504.528
A32: 25 | B32: CMTLKK | C32: Regular | F32: KOHLER-275 | G32: 25 | H32: 0 | I32: 0 | J32: 4800 | M32: 0 | N32: 0 | O32: 4590 | R32: 0 | T32: 4300 | Y32: 3900 | AD32: 3550
A33: 26 | B33: CMTLKK | C33: Regular | F33: KOHLER-410 | G33: 60 | H33: =7+(37/60) -> 7.6166667 | I33: 340 | M33: =6+(15/60) -> 6.25 | N33: 320 | R33: =7+(59/60) -> 7.9833333 | S33: 290 | W33: =8+(47/60) -> 8.7833333 | X33: 300 | AB33: =10+(29/60) -> 10.483333 | AC33: 350
A34: 27 | B34: CMTM | C34: Regular | F34: VPS-500 | G34: 73 | H34: 0.7 | I34: 47 | J34: 1667 | M34: 1.02 | N34: 52 | O34: 2460 | R34: 0 | S34: 0 | T34: 2452 | W34: =2+(0.25/60) -> 2.0041667 | X34: 164 | Y34: 2673 | AB34: =2+(11/60) -> 2.1833333 | AC34: 145 | AD34: 2528
A35: 28 | B35: CMTM | C35: Regular | F35: SDMO-550 | G35: 60 | H35: 0 | I35: 0 | M35: 1.22 | N35: 70 | R35: 0 | S35: 0 | W35: 0 | X35: 0 | AB35: 0 | AC35: 0
A36: 29 | B36: CMWZYD | C36: Regular | F36: KHOLER-550 | G36: 81.828 | H36: =5+(37/60) -> 5.6166667 | I36: 272.7 | J36: 2181.78 | M36: =5+(41/60) -> 5.6833333 | N36: 295.31 | O36: 1886.47 | R36: =7+(43/60) -> 7.7166667 | S36: 227.228 | T36: 2572.868 | W36: =8+(22/60) -> 8.3666667 | X36: 472.784 | Y36: 2100.084 | AB36: 0 | AC36: 0 | AD36: 3100
A37: 30 | B37: CMYK | C37: Regular | F37: KOHLER-440 | G37: 59 | H37: =1+24/60 -> 1.4 | I37: 141 | J37: 1619 | M37: =1+(24/60) -> 1.4 | N37: 86 | O37: 1533 | R37: =0+(51/60) -> 0.85 | S37: 32 | T37: 1501 | W37: =9+(10/60) -> 9.1666667 | X37: 246 | Y37: 1255 | AB37: =5+(8/60) -> 5.1333333 | AC37: 95 | AD37: 1160
A38: 31 | B38: MPGV | C38: Regular | F38: KOHLER-440 | G38: 45 | H38: =0+(35/60) -> 0.58333333 | I38: 22.73 | J38: 4777.654 | M38: =1+(32/60) -> 1.5333333 | N38: 68.19 | O38: 5209.464 | R38: 0 | S38: 0 | T38: 5209 | W38: 0 | X38: 0 | Y38: 5209 | AB38: 0 | AC38: 0 | AD38: 5209
A39: 32 | B39: MPGV | C39: Regular | F39: KOHLER-727 | G39: 105 | H39: =0+(35/60) -> 0.58333333 | I39: 68.046 | M39: 0 | N39: 0 | R39: 0 | S39: 0 | W39: 0 | X39: 0 | AB39: 0 | AC39: 0
A40: 33 | B40: CMCNTP | C40: LNG | F40: KOHLER-550 | G40: 68 | H40: 0 | I40: 0 | J40: 1955 | M40: =1+(59/60) -> 1.9833333 | N40: 55 | O40: 1900 | R40: =3+(6/60) -> 3.1 | S40: 118 | T40: 1782 | W40: 0 | X40: 0 | Y40: 1782 | AB40: 0 | AC40: 0 | AD40: 1782
A41: 34 | B41: CMLHTY | C41: LNG | F41: KOHLER-550 | G41: 18 | H41: 0 | I41: 0 | J41: 7577 | M41: 0 | N41: 0 | O41: 7561 | R41: 0 | S41: 0 | T41: 7538 | W41: 0 | X41: 0 | Y41: 7538 | AB41: =0+(34/60) -> 0.56666667 | AC41: 22 | AD41: 7468
A42: 35 | B42: CMLHTY | C42: LNG | F42: KOHLER-727 | G42: 26 | H42: =1+(31/60) -> 1.5166667 | I42: 65 | J42: 0 | M42: =0+(18/60) -> 0.3 | N42: 12 | R42: =0+(45/60) -> 0.75 | S42: 23 | W42: 0 | AB42: =0+(35/60) -> 0.58333333 | AC42: 48
A43: 36 | B43: CMLHTY | C43: LNG | F43: VOLVO-200 | G43: 10 | H43: 0 | I43: 0 | J43: 0 | M43: =0+(9/60) -> 0.15 | N43: 4 | R43: 0 | S43: 0 | W43: 0 | AB43: 0 | AC43: 0
A44: 37 | B44: CMLMLM | C44: LNG | F44: KOHLER-727 | G44: 115 | H44: 0 | I44: 0 | J44: 3430 | M44: 0 | N44: 0 | O44: 3430 | R44: 0 | S44: 0 | T44: 3430 | W44: 0.5 | X44: 5 | Y44: 3425 | Z44: G1 test run | AB44: 1.5 | AC44: 95 | AD44: 3200 | AE44: 66kV system breakdown
A45: 38 | B45: CMLMLM | C45: LNG | F45: KOHLER-727 | G45: 115 | H45: 0 | I45: 0 | M45: 0 | N45: 0 | R45: 0 | S45: 0 | W45: 0 | X45: 0 | AB45: 2 | AC45: 130
A46: 39 | B46: CMLMLM | C46: LNG | F46: POWER MAX-250 | G46: 53 | H46: 0 | I46: 0 | M46: 0 | N46: 0 | R46: 0 | S46: 0 | W46: 0 | X46: 0 | AB46: 0 | AC46: 0
A47: 40 | B47: CMLOTR | C47: LNG | F47: KOHLER-727 | G47: 113.65 | H47: 0 | I47: 0 | J47: 2155 | M47: 0 | N47: 0 | O47: 2155 | R47: 0 | S47: 0 | T47: 2155 | W47: 0.04 | X47: 1 | Y47: 2155 | AB47: 0.15 | AC47: 22 | AD47: 2130
A48: 41 | B48: CMLOTR | C48: LNG | F48: KOHLER-727 | G48: 113.65 | H48: 0 | I48: 0 | M48: 0 | N48: 0 | R48: 0 | S48: 0 | AB48: 0.06 | AC48: 2
A49: 42 | B49: CMLPT | C49: LNG | F49: KOHLER-440 | G49: 60 | H49: 0 | I49: 0 | J49: 4237 | M49: 0 | N49: 0 | O49: 4237 | R49: 0 | S49: 0 | T49: 4237 | W49: 0 | X49: 0 | Y49: 4237 | AB49: 0 | AC49: 0 | AD49: 4237
A50: 43 | B50: CMLPT | C50: LNG | F50: KOHLER-440 | G50: 60 | H50: 0 | I50: 0 | M50: 0 | N50: 0 | R50: 0 | S50: 0 | W50: 0 | X50: 0 | AB50: 0 | AC50: 0
A51: 44 | B51: CMLPT | C51: LNG | F51: SDMO-500 | G51: 68 | H51: 0 | I51: 0 | M51: 0 | N51: 0 | R51: 0 | S51: 0 | W51: 0 | X51: 0 | AB51: 0 | AC51: 0
A52: 45 | B52: CMLTMW | C52: LNG | D52: PD | E52: Denko | F52: CAT C15-550 | G52: 48 | H52: 0.1 | I52: 0 | J52: 5157 | M52: 0.2 | N52: 0 | O52: 5157 | R52: 0 | S52: 0 | T52: 5157 | W52: 0 | X52: 0 | Y52: 5157 | AB52: 0.3 | AC52: 0 | AD52: 5157
A53: 46 | B53: CMLTMW | C53: LNG | D53: PD | E53: Denko | F53: CAT C15-550 | G53: 48 | H53: 0.7 | I53: 0 | M53: 0.2 | N53: 0 | R53: 0 | S53: 0 | W53: 0 | X53: 0 | AB53: 1.4 | AC53: 0
A54: 47 | B54: CMLTMW | C54: LNG | D54: PD | E54: Denko | F54: KOHLER-727 | G54: 101 | H54: 0 | I54: 0 | M54: 0.15 | N54: 0 | R54: 0 | S54: 0 | W54: 0 | X54: 0 | AB54: 0 | AC54: 0
A55: 48 | B55: MP6.5 | C55: LNG | D55: PD | E55: Moon Sun | F55: KOHLER -550 | G55: 72.736 | H55: 0 | I55: 0 | J55: 3763.92 | M55: 0 | N55: 0 | O55: 3763.92 | R55: 0 | S55: 0 | T55: 3763.92 | W55: 0 | X55: 0 | Y55: 3763.92 | AB55: 0 | AC55: 0 | AD55: 3763.92
A56: 49 | B56: MP6.5 | C56: LNG | F56: KOHLER -550 | G56: 72.736
A57: 50 | B57: CMLSJ | C57: LNG | D57: PD | E57: Moon Sun | F57: CUMMINS-1000 (1) | G57: 115 | H57: 0 | I57: 0 | J57: =12724+5770 -> 18494 | M57: 0 | N57: 20 | O57: 18474 | R57: 0 | S57: 0 | T57: 18474 | W57: 0 | X57: 0 | Y57: 18474 | AB57: 0 | AC57: 0 | AD57: 18474
A58: 51 | B58: CMLSJ | C58: LNG | F58: CUMMINS-1000 (2) | G58: 115 | H58: 0 | M58: 0 | R58: 0 | W58: 0 | AB58: 0
A59: 52 | B59: CMLSJ | C59: LNG | F59: CUMMINS-1000 (3) | G59: 115 | H59: 0 | M59: 0 | R59: 0 | W59: 0 | AB59: 0
A60: 53 | B60: CMLSJ | C60: LNG | F60: CUMMINS-1000 (4) | G60: 115 | H60: 0 | M60: 0.3 | R60: 0 | W60: 0 | AB60: 0
A62: 1 | B62: CMJSQ | D62: PD | E62: Denko | F62: 220 | G62: =8*4.546 -> 36.368 | H62: 0 | I62: 0 | J62: 1091.04 | M62: 0 | N62: 0 | O62: 1091.04 | R62: 0 | S62: 0 | T62: 1091.04 | W62: 0.25 | X62: 0 | Y62: 1091.04 | AB62: 0 | AC62: 0 | AD62: 1091.04
A63: 2 | B63: CMJMT | D63: PD | E63: Denko | F63: 275 | G63: =10*4.546 -> 45.46 | H63: 0.25 | I63: 0 | J63: 1777 | M63: 1.75 | N63: 45 | O63: 1732 | R63: 3 | S63: 60 | T63: 1672 | W63: 0.25 | X63: 0 | Y63: 1672 | AB63: 0.25 | AC63: 0 | AD63: 1672
A64: 3 | B64: CMISPK | F64: 500 | G64: =15*4.546 -> 68.19 | H64: 3 | I64: 90 | J64: 1736 | M64: 7 | N64: =52*4.546 -> 236.392 | O64: =520*4.56 -> 2371.2 | R64: 3.3 | S64: 136.38 | T64: 2863.98 | W64: 9.55 | X64: 340.95 | Y64: 2477.57 | AB64: 3.4 | AC64: 136.38 | AD64: 2250.27
A65: 4 | B65: CMJ8 | D65: PD | E65: Denko | F65: 410 | G65: =13*4.546 -> 59.098 | H65: 2.5 | I65: 145 | J65: 991 | M65: 1.5 | N65: 36 | O65: 1446 | R65: 0.25 | S65: 8 | T65: 1923 | W65: 0.25 | X65: 8 | Y65: 1946 | AB65: 0.25 | AC65: 8 | AD65: 1938
A66: 5 | B66: CMZWN | D66: PD | E66: Denko | F66: 350 | G66: =12*4.546 -> 54.552 | H66: 3 | I66: 81 | J66: 225 | M66: 3 | N66: 81 | O66: 675 | R66: 7.42 | S66: 196 | T66: 450 | W66: 10 | X66: 270 | Y66: 247 | AB66: 12 | AC66: 324 | AD66: 585
A67: 6 | B67: CMYK | D67: PD | E67: Denko | F67: 350 | G67: =12*4.546 -> 54.552 | H67: 4 | I67: =26*4.546 -> 118.196 | J67: 1816 | M67: 4.25 | N67: =30*4.546 -> 136.38 | O67: 1589 | R67: 3 | S67: - | T67: 1666 | W67: 8 | X67: 258 | Y67: 1407 | AB67: 5 | AC67: 32 | AD67: 1376
A68: 7 | B68: CMFMI | D68: PD | E68: Denko | F68: 315 | G68: =12*4.546 -> 54.552 | H68: 0.67 | I68: 13 | J68: 1336 | M68: 0.67 | N68: 27 | O68: 1336 | R68: - | S68: - | T68: 1336 | W68: 0.83 | X68: 13 | Y68: 1336 | AB68: 0.25 | AC68: 4 | AD68: 1563
A69: 8 | B69: CMCWHAL | D69: PD | E69: Denko | F69: 160 | G69: =7*4.546 -> 31.822 | H69: 2.15 | I69: 32 | J69: 1354 | M69: 1 | N69: 18.18 | O69: 1309 | R69: 4 | S69: 45.46 | T69: 1263 | W69: 1 | X69: 274 | Y69: 1245 | AB69: - | AC69: - | AD69: 1245
A70: 9 | B70: CMAL | D70: PD | E70: Denko | F70: 410 | G70: =13*4.546 -> 59.098 | H70: =1+(34/60) -> 1.5666667 | I70: 59 | J70: 1180 | M70: =1+(33/60) -> 1.55 | N70: 81 | O70: 1416 | R70: 0 | S70: 0 | T70: 1416 | W70: =1+(56/60) -> 1.9333333 | X70: 45 | Y70: 1407 | AB70: 0 | AC70: 0 | AD70: 1407
A71: 10 | B71: CMBH | D71: PD | E71: Denko | F71: 250 | G71: 45 | H71: 1 | I71: 20 | J71: 2310 | M71: 2 | N71: 30 | O71: 2280 | R71: 0 | S71: 0 | T71: 2280 | W71: 0 | X71: 0 | Y71: 2280 | AB71: 0 | AC71: 0 | AD71: 2500
A72: 11 | B72: CMAT | F72: 410 | G72: =13*4.546 -> 59.098 | H72: 4 | I72: =25*4.546 -> 113.65 | J72: 1097 | M72: 4.15 | N72: =30*4.546 -> 136.38 | O72: 984 | R72: 1.33 | S72: 42 | T72: 946 | W72: 8.75 | X72: 227 | Y72: 719 | AB72: 5.5 | AC72: 151 | AD72: 568
A73: 12 | B73: CM50 | D73: PD | E73: Denko | F73: 350 | G73: 54 | H73: 3 | I73: 160.6 | J73: 2243 | M73: 2.92 | N73: 156.3 | O73: 2087 | R73: 0.67 | S73: 40 | T73: 2274 | W73: 7.08 | X73: 354 | Y73: 1919 | AB73: 0.5 | AC73: 25 | AD73: 2121
A74: 13 | B74: OCGMP(only Frz & Chi)night only | C74: LNG | D74: PD | E74: Denko | F74: 150 | G74: 32 | H74: 0.15 | I74: 0.5 | J74: 677 | M74: 0.15 | N74: 0.5 | O74: 677 | R74: 0.15 | S74: 0.5 | T74: 677 | W74: 0.15 | X74: 1 | Y74: 677 | AB74: 1.08 | AC74: 20 | AD74: 677
A75: 14 | B75: MNC38Q | D75: PD | E75: Denko | F75: 60 | G75: =4*4.546 -> 18.184 | H75: 2 | I75: 30 | J75: 1369 | M75: 0.67 | N75: 7 | O75: 1369 | R75: 5.5 | S75: 56 | T75: 1260 | W75: 11 | X75: 122 | Y75: 1482 | AB75: 8.33 | AC75: 53.6 | AD75: 1419
A76: 15 | B76: MNCNOTDN | D76: PD | E76: Denko | F76: 60 | G76: =4*4.546 -> 18.184 | H76: 7 | I76: 36 | J76: 1260 | M76: 2 | N76: 14 | O76: 1246 | R76: 5.45 | S76: 9 | T76: 1237.5 | W76: 8 | X76: 67.5 | Y76: 1386 | AB76: 6 | AC76: 18 | AD76: 1368
A77: 16 | B77: MNC0'Mile | F77: 80 | G77: =5*4.546 -> 22.73 | H77: 8 | I77: 55 | J77: 949 | M77: 6.3 | N77: 55 | O77: 935 | R77: 5 | S77: 51 | T77: 906 | W77: 7.7 | X77: 38 | Y77: 871 | AB77: 3.2 | AC77: 27 | AD77: 844
A78: 17 | B78: MNCSMK | F78: 60 | G78: =4*4.546 -> 18.184 | H78: 4 | I78: 36 | J78: 1180 | M78: 2 | N78: 45 | O78: 1135 | R78: 4 | S78: 0 | T78: 1453 | W78: 15 | X78: 91 | Y78: 1362 | AB78: 2 | AC78: 46 | AD78: 1316
A79: 18 | B79: MNCTTMSO | F79: 80 | G79: =5*4.546 -> 22.73 | H79: 5.3 | I79: 51 | J79: 703 | M79: 6.18 | N79: 58 | O79: 625 | R79: 4 | S79: 35 | T79: 590 | W79: 0 | X79: 0 | Y79: 590 | AB79: 1.45 | AC79: 25 | AD79: 813
A80: 19 | B80: MNC41Q | F80: 100 | G80: =5*4.546 -> 22.73 | H80: 3 | I80: 116 | J80: 1357 | M80: 3 | N80: 25 | O80: 1332 | R80: 8 | S80: 64 | T80: 1268 | W80: 9 | X80: 89 | Y80: 1179 | AB80: 9.5 | AC80: 80 | AD80: 1099
A81: 20 | B81: MNCBBH | F81: 150 | G81: 32 | H81: 3 | I81: 50 | M81: 3 | N81: 30 | O81: 1090 | R81: 8 | S81: 80 | T81: 1010 | W81: 14.3 | X81: 118 | Y81: 892 | AB81: 6 | AC81: 63 | AD81: 1047
A82: 21 | B82: MNCPRM | D82: PD | E82: Denko | F82: 100 | G82: 22 | H82: 0 | I82: 0 | J82: 1278 | M82: 1.2 | N82: 15 | O82: 1263 | R82: 0 | S82: 0 | T82: 1263 | W82: 2 | X82: 18 | Y82: 1245 | AB82: 0 | AC82: 0 | AD82: 1245
A83: 22 | B83: MNCLT | F83: 100 | G83: 22 | H83: 13.23 | I83: 242 | J83: 197 | M83: 5 | N83: 60 | O83: 117 | R83: 5 | S83: 88 | T83: 147 | W83: 11 | X83: 144 | Y83: 247 | AB83: 8 | AC83: 100 | AD83: 221
H85: =SUM(H62:H83) -> 70.816667 | I85: =SUM(I62:I83) -> 1448.946 | J85: =SUM(J62:J83) -> 26126.04 | M85: =SUM(M62:M83) -> 59.29 | N85: =SUM(N62:N83) -> 1293.132 | O85: =SUM(O62:O83) -> 28105.24 | R85: =SUM(R62:R83) -> 68.07 | S85: =SUM(S62:S83) -> 911.34 | T85: =SUM(T62:T83) -> 28992.52 | W85: =SUM(W62:W83) -> 126.04333 | X85: =SUM(X62:X83) -> 2478.45 | Y85: =SUM(Y62:Y83) -> 27677.61 | AB85: =SUM(AB62:AB83) -> 72.71 | AC85: =SUM(AC62:AC83) -> 1112.98 | AD85: =SUM(AD62:AD83) -> 28365.31 | AG85: =SUM(AG62:AG83) -> 0 | AH85: =SUM(AH62:AH83) -> 0 | AI85: =SUM(AI62:AI83) -> 0 | AL85: =SUM(AL62:AL83) -> 0 | AM85: =SUM(AM62:AM83) -> 0 | AN85: =SUM(AN62:AN83) -> 0
A87: 23 | B87: DC09 | C87: Regular | F87: 350 | G87: =12*4.5 -> 54 | H87: 1 | I87: 25 | J87: 1000 | M87: 5.6 | N87: 127 | O87: 1000
A88: 24 | B88: DC09 | F88: 165 | G88: =7*4.5 -> 31.5 | H88: 0 | I88: 0
A89: 25 | B89: DC02 F&P | C89: Regular | D89: PD | E89: Denko | F89: 550 | G89: =16*4.5 -> 72 | H89: 0.25 | I89: 9 | J89: 3409 | M89: 5.28 | N89: 192 | O89: 3409 | R89: 4 | S89: 145 | T89: 3182 | W89: 9.16 | X89: 297 | Y89: 3273 | AB89: 7.6 | AC89: 278 | AD89: 2864
A90: 26 | B90: DC02 F&P | C90: Regular | D90: PD | E90: Denko | F90: 220 | G90: 36 | H90: 0 | I90: 0
A91: 27 | B91: DC02 F&P(KSS) | F91: 550 | G91: =16*4.5 -> 72 | H91: 0.58 | I91: 22.73 | J91: 16209.338 | M91: 0 | N91: 0 | O91: 16209.338 | R91: 0 | S91: 0 | T91: 16209 | W91: 0 | X91: 0 | Y91: 16209 | AB91: 1 | AC91: 54.552 | AD91: 16154
A92: 28 | B92: DC02 F&P(KSS) | F92: 275 | G92: =10*4.5 -> 45 | H92: 0 | I92: 0 | M92: 0 | N92: 0 | R92: 0 | S92: 0 | W92: 0 | X92: 0 | AB92: 0 | AC92: 0
H93: =SUM(H87:H92) -> 1.83 | I93: =SUM(I87:I92) -> 56.73 | J93: =SUM(J87:J92) -> 20618.338 | M93: =SUM(M87:M92) -> 10.88 | N93: =SUM(N87:N92) -> 319 | O93: =SUM(O87:O92) -> 20618.338 | R93: =SUM(R87:R92) -> 4 | S93: =SUM(S87:S92) -> 145 | T93: =SUM(T87:T92) -> 19391 | W93: =SUM(W87:W92) -> 9.16 | X93: =SUM(X87:X92) -> 297 | Y93: =SUM(Y87:Y92) -> 19482 | AB93: =SUM(AB87:AB92) -> 8.6 | AC93: =SUM(AC87:AC92) -> 332.552 | AD93: =SUM(AD87:AD92) -> 19018 | AG93: =SUM(AG87:AG92) -> 0 | AH93: =SUM(AH87:AH92) -> 0 | AI93: =SUM(AI87:AI92) -> 0 | AL93: =SUM(AL87:AL92) -> 0 | AM93: =SUM(AM87:AM92) -> 0 | AN93: =SUM(AN87:AN92) -> 0
A95: 29 | B95: HO | F95: 700 | G95: =21*4.5 -> 94.5 | H95: 1.13 | I95: 45 | M95: 2.12 | N95: =2*45 -> 90
A96: 30 | B96: HO | F96: 60 | G96: 12 | H96: 0 | I96: 0 | M96: 0 | N96: 0
A97: 31 | B97: SSWH ( FM) | H97: 0 | I97: 0 | M97: 0 | N97: 0
H98: =SUM(H95:H97) -> 1.13 | I98: =SUM(I95:I97) -> 45 | J98: =SUM(J95:J97) -> 0 | M98: =SUM(M95:M97) -> 2.12 | N98: =SUM(N95:N97) -> 90 | O98: =SUM(O95:O97) -> 0 | R98: =SUM(R95:R97) -> 0 | S98: =SUM(S95:S97) -> 0 | T98: =SUM(T95:T97) -> 0 | W98: =SUM(W95:W97) -> 0 | X98: =SUM(X95:X97) -> 0 | Y98: =SUM(Y95:Y97) -> 0 | AB98: =SUM(AB95:AB97) -> 0 | AC98: =SUM(AC95:AC97) -> 0 | AD98: =SUM(AD95:AD97) -> 0 | AG98: =SUM(AG95:AG97) -> 0 | AH98: =SUM(AH95:AH97) -> 0 | AI98: =SUM(AI95:AI97) -> 0 | AL98: =SUM(AL95:AL97) -> 0 | AM98: =SUM(AM95:AM97) -> 0 | AN98: =SUM(AN95:AN97) -> 0
A100: 32 | B100: MCS (152)Stores | H100: 0 | I100: 180 | M100: 0 | N100: 40
H101: =H100 -> 0 | I101: =I100 -> 180 | J101: =J100 -> 0 | M101: =M100 -> 0 | N101: =N100 -> 40 | O101: =O100 -> 0 | R101: =R100 -> 0 | S101: =S100 -> 0 | T101: =T100 -> 0 | W101: =W100 -> 0 | X101: =X100 -> 0 | Y101: =Y100 -> 0 | AB101: =AB100 -> 0 | AC101: =AC100 -> 0 | AD101: =AD100 -> 0 | AG101: =AG100 -> 0 | AH101: =AH100 -> 0 | AI101: =AI100 -> 0 | AL101: =AL100 -> 0 | AM101: =AM100 -> 0 | AN101: =AN100 -> 0
A104: 33 | B104: OCJN | F104: 410 | G104: 59.098 | H104: 8 | I104: 227 | J104: 895 | M104: 8 | N104: =60*4.546 -> 272.76 | O104: 654 | R104: 4 | S104: 113 | T104: 759 | W104: 7.92 | X104: 272 | Y104: 486 | AB104: 7.16 | AC104: 227 | AD104: 486
A105: 34 | B105: OCTG | F105: 550 | G105: 72 | H105: 4.3 | I105: =45*4.546 -> 204.57 | J105: =850*4.546 -> 3864.1 | M105: 3 | N105: =30*4.546 -> 136.38 | O105: =839*4.546 -> 3814.094 | R105: 0.36 | S105: =4*4.546 -> 18.184 | T105: =835*4.546 -> 3795.91 | W105: 0 | X105: 0 | Y105: =1315*4.546 -> 5977.99 | AB105: 0.48 | AC105: =9.5*4.546 -> 43.187 | AD105: =1305*4.546 -> 5932.53
A106: 35 | B106: OCDP | F106: 375 | G106: 54.552 | H106: 0 | I106: 0 | J106: 2037 | M106: 6.25 | N106: 38 | O106: 1999 | R106: 0.2 | S106: 2 | T106: 1997 | W106: 0 | X106: 0 | Y106: 1997 | AB106: 0.2 | AC106: 3 | AD106: 1994
H107: =SUM(H104:H106) -> 12.3 | I107: =SUM(I104:I106) -> 431.57 | J107: =SUM(J104:J106) -> 6796.1 | M107: =SUM(M104:M106) -> 17.25 | N107: =SUM(N104:N106) -> 447.14 | O107: =SUM(O104:O106) -> 6467.094 | R107: =SUM(R104:R106) -> 4.56 | S107: =SUM(S104:S106) -> 133.184 | T107: =SUM(T104:T106) -> 6551.91 | W107: =SUM(W104:W106) -> 7.92 | X107: =SUM(X104:X106) -> 272 | Y107: =SUM(Y104:Y106) -> 8460.99 | AB107: =SUM(AB104:AB106) -> 7.84 | AC107: =SUM(AC104:AC106) -> 273.187 | AD107: =SUM(AD104:AD106) -> 8412.53 | AG107: =SUM(AG104:AG106) -> 0 | AH107: =SUM(AH104:AH106) -> 0 | AI107: =SUM(AI104:AI106) -> 0 | AL107: =SUM(AL104:AL106) -> 0 | AM107: =SUM(AM104:AM106) -> 0 | AN107: =SUM(AN104:AN106) -> 0
A108: 36 | B108: DC09 | C108: Regular | D108: PD | F108: 350 | H108: 0 | I108: 0 | J108: 872.832 | M108: 0 | N108: 0 | O108: 873 | R108: 2 | S108: 23 | T108: =192*4.546 -> 872.832 | W108: 0.1 | X108: 2.273 | Y108: 2686.7 | AB108: 0 | AC108: 0 | AD108: 2687
...

Sheet Day of Buffer
D2: ='diesel used'!C2 -> Type (Regular/ LNG) | J2: ='diesel used'!H2 -> 46106 | K2: ='diesel used'!H2 -> 46106 | L2: ='diesel used'!H2 -> 46106 | M2: ='diesel used'!H2 -> 46106 | O2: ='diesel used'!M2 -> 46107 | P2: ='diesel used'!M2 -> 46107 | Q2: ='diesel used'!M2 -> 46107 | R2: ='diesel used'!M2 -> 46107 | T2: ='diesel used'!R2 -> 46108 | U2: ='diesel used'!R2 -> 46108 | V2: ='diesel used'!R2 -> 46108 | W2: ='diesel used'!R2 -> 46108 | Y2: ='diesel used'!W2 -> 46109 | Z2: ='diesel used'!W2 -> 46109 | AA2: ='diesel used'!W2 -> 46109 | AB2: ='diesel used'!W2 -> 46109 | AD2: ='diesel used'!AB2 -> 46110 | AE2: ='diesel used'!AB2 -> 46110 | AF2: ='diesel used'!AB2 -> 46110 | AG2: ='diesel used'!AB2 -> 46110 | AI2: ='diesel used'!AG2 -> 0 | AJ2: ='diesel used'!AG2 -> 0 | AK2: ='diesel used'!AG2 -> 0 | AL2: ='diesel used'!AG2 -> 0
A3: ='diesel used'!A2 -> စဥ် | C3: ='diesel used'!B2 -> Center Name | H3: ='diesel used'!F3 -> KVA | K3: Daily Used (L) | L3: Diesel Balance | M3: Days of buffer | P3: Daily Used (L) | Q3: Diesel Balance | R3: Days of buffer | U3: Daily Used (L) | V3: Diesel Balance | W3: Days of buffer | Z3: Daily Used (L) | AA3: Diesel Balance | AB3: Days of buffer | AE3: Daily Used (L) | AF3: Diesel Balance | AG3: Days of buffer | AJ3: Daily Used (L) | AK3: Diesel Balance | AL3: Days of buffer
B4: CP | C4: Total | D4: Total | K4: =SUM(K8:K60) -> 3167.67 | L4: =SUM(L8:L60) -> 105745.8 | M4: =IFERROR(L4/K4, "X") -> 33.382835 | P4: =SUM(P8:P60) -> 3743.306 | Q4: =SUM(Q8:Q60) -> 109298.62 | R4: =IFERROR(Q4/P4, "X") -> 29.198419 | U4: =SUM(U8:U60) -> 2335.81 | V4: =SUM(V8:V60) -> 111773.36 | W4: =IFERROR(V4/U4, "X") -> 47.852077 | Z4: =SUM(Z8:Z60) -> 5129.414 | AA4: =SUM(AA8:AA60) -> 107605.8 | AB4: =IFERROR(AA4/Z4, "X") -> 20.978185 | AE4: =SUM(AE8:AE60) -> 2340.082 | AF4: =SUM(AF8:AF60) -> 101978.83 | AG4: =IFERROR(AF4/AE4, "X") -> 43.579168 | AJ4: =SUM(AJ8:AJ60) -> 0 | AK4: =SUM(AK8:AK60) -> 0 | AL4: =IFERROR(AK4/AJ4, "X") -> X
B5: CMHL | K5: =SUM(K62:K109) -> 2162.246 | L5: =SUM(L62:L109) -> 54413.31 | M5: =L5/K5 -> 25.16518 | P5: =SUM(P62:P109) -> 2189.272 | Q5: =SUM(Q62:Q109) -> 56063.672 | R5: =Q5/P5 -> 25.608363 | U5: =SUM(U62:U109) -> 1212.524 | V5: =SUM(V62:V109) -> 55808.262 | W5: =V5/U5 -> 46.026522 | Z5: =SUM(Z62:Z109) -> 3049.723 | AA5: =SUM(AA62:AA109) -> 58307.3 | AB5: =AA5/Z5 -> 19.118884 | AE5: =SUM(AE62:AE109) -> 1718.719 | AF5: =SUM(AF62:AF109) -> 58482.84 | AG5: =AF5/AE5 -> 34.026993 | AJ5: =SUM(AJ62:AJ109) -> 0 | AK5: =SUM(AK62:AK109) -> 0 | AL5: =AK5/AJ5 -> #DIV/0!
A8: ='diesel used'!A8 -> 1 | B8: CP | C8: ='diesel used'!B8 -> CM19 | D8: ='diesel used'!C8 -> Regular | H8: =RIGHT('diesel used'!F8, LEN('diesel used'!F8) - FIND("-", 'diesel used'!F8)) -> 550 | K8: ='diesel used'!I8+'diesel used'!I9+'diesel used'!I10 -> 105 | L8: ='diesel used'!J8 -> 2924 | M8: =IFERROR(L8/K8, "X") -> 27.847619 | P8: ='diesel used'!N8+'diesel used'!N9+'diesel used'!N10 -> 263 | Q8: ='diesel used'!O8 -> 2661 | R8: =IFERROR(Q8/P8, "X") -> 10.117871 | U8: ='diesel used'!S8+'diesel used'!S9+'diesel used'!S10 -> 95 | V8: ='diesel used'!T8 -> 4566 | W8: =IFERROR(V8/U8, "X") -> 48.063158 | Z8: ='diesel used'!X8+'diesel used'!X9+'diesel used'!X10 -> 51 | AA8: ='diesel used'!Y8 -> 5515 | AB8: =IFERROR(AA8/Z8, "X") -> 108.13725 | AE8: ='diesel used'!AC8+'diesel used'!AC9+'diesel used'!AC10 -> 185 | AF8: ='diesel used'!AD8 -> 5330 | AG8: =IFERROR(AF8/AE8, "X") -> 28.810811 | AJ8: ='diesel used'!AH8+'diesel used'!AH9+'diesel used'!AH10 -> 0 | AK8: ='diesel used'!AI8 -> 0 | AL8: =IFERROR(AK8/AJ8, "X") -> X
A9: ='diesel used'!A9 -> 2 | B9: CP | C9: ='diesel used'!B9 -> CM19 | D9: ='diesel used'!C9 -> Regular | H9: =RIGHT('diesel used'!F9, LEN('diesel used'!F9) - FIND("-", 'diesel used'!F9)) -> 150
A10: ='diesel used'!A10 -> 3 | B10: CP | C10: ='diesel used'!B10 -> CM19 | D10: ='diesel used'!C10 -> Regular | H10: =RIGHT('diesel used'!F10, LEN('diesel used'!F10) - FIND("-", 'diesel used'!F10)) -> 300
A11: ='diesel used'!A11 -> 4 | B11: CP | C11: ='diesel used'!B11 -> CMAYW | D11: ='diesel used'!C11 -> Regular | H11: =RIGHT('diesel used'!F11, LEN('diesel used'!F11) - FIND("-", 'diesel used'!F11)) -> 440 | K11: ='diesel used'!I11 -> 22 | L11: ='diesel used'!J11 -> 2146 | M11: =IFERROR(L11/K11, "X") -> 97.545455 | P11: ='diesel used'!N11 -> 192 | Q11: ='diesel used'!O11 -> 2954 | R11: =IFERROR(Q11/P11, "X") -> 15.385417 | U11: ='diesel used'!S11 -> 90 | V11: ='diesel used'!T11 -> 2864 | W11: =IFERROR(V11/U11, "X") -> 31.822222 | Z11: ='diesel used'!X11 -> 378 | AA11: ='diesel used'!Y11 -> 2486 | AB11: =IFERROR(AA11/Z11, "X") -> 6.5767196 | AE11: ='diesel used'!AC11 -> 159 | AF11: ='diesel used'!AD11 -> 2327 | AG11: =IFERROR(AF11/AE11, "X") -> 14.63522 | AJ11: ='diesel used'!AH11 -> 0 | AK11: ='diesel used'!AI11 -> 0 | AL11: =IFERROR(AK11/AJ11, "X") -> X
A12: ='diesel used'!A12 -> 5 | B12: CP | C12: ='diesel used'!B12 -> CMDGSK | D12: ='diesel used'!C12 -> Regular | H12: =RIGHT('diesel used'!F12, LEN('diesel used'!F12) - FIND("-", 'diesel used'!F12)) -> 550 | K12: ='diesel used'!I12 -> 309 | L12: ='diesel used'!J12 -> 6809 | M12: =IFERROR(L12/K12, "X") -> 22.035599 | P12: ='diesel used'!N12 -> 373 | Q12: ='diesel used'!O12 -> 6418 | R12: =IFERROR(Q12/P12, "X") -> 17.206434 | U12: ='diesel used'!S12 -> 418 | V12: ='diesel used'!T12 -> 6100 | W12: =IFERROR(V12/U12, "X") -> 14.593301 | Z12: ='diesel used'!X12 -> 386 | AA12: ='diesel used'!Y12 -> 5786 | AB12: =IFERROR(AA12/Z12, "X") -> 14.989637 | AE12: ='diesel used'!AC12 -> 205 | AF12: ='diesel used'!AD12 -> 5409 | AG12: =IFERROR(AF12/AE12, "X") -> 26.385366 | AJ12: ='diesel used'!AH12 -> 0 | AK12: ='diesel used'!AI12 -> 0 | AL12: =IFERROR(AK12/AJ12, "X") -> X
A13: ='diesel used'!A13 -> 6 | B13: CP | C13: ='diesel used'!B13 -> CMKSM | D13: ='diesel used'!C13 -> Regular | H13: =RIGHT('diesel used'!F13, LEN('diesel used'!F13) - FIND("-", 'diesel used'!F13)) -> 100 | K13: ='diesel used'!I13+'diesel used'!I14+'diesel used'!I15 -> 0 | L13: ='diesel used'!J13 -> 0 | M13: =IFERROR(L13/K13, "X") -> X | P13: ='diesel used'!N13+'diesel used'!N14+'diesel used'!N15 -> 45.46 | Q13: ='diesel used'!O13 -> 3041.01 | R13: =IFERROR(Q13/P13, "X") -> 66.894193 | U13: ='diesel used'!S13+'diesel used'!S14+'diesel used'!S15 -> 0 | V13: ='diesel used'!T13 -> 2995.55 | W13: =IFERROR(V13/U13, "X") -> X | Z13: ='diesel used'!X13+'diesel used'!X14+'diesel used'!X15 -> 68.19 | AA13: ='diesel used'!Y13 -> 2927.36 | AB13: =IFERROR(AA13/Z13, "X") -> 42.929462 | AE13: ='diesel used'!AC13+'diesel used'!AC14+'diesel used'!AC15 -> 54.552 | AF13: ='diesel used'!AD13 -> 2872.808 | AG13: =IFERROR(AF13/AE13, "X") -> 52.661827 | AJ13: ='diesel used'!AH13+'diesel used'!AH14+'diesel used'!AH15 -> 0 | AK13: ='diesel used'!AI13 -> 0 | AL13: =IFERROR(AK13/AJ13, "X") -> X
A14: ='diesel used'!A14 -> 7 | B14: CP | C14: ='diesel used'!B14 -> CMKSM | D14: ='diesel used'!C14 -> Regular | H14: =RIGHT('diesel used'!F14, LEN('diesel used'!F14) - FIND("-", 'diesel used'!F14)) -> 350
A15: ='diesel used'!A15 -> 8 | B15: CP | C15: ='diesel used'!B15 -> CMKSM | D15: ='diesel used'!C15 -> Regular | H15: =RIGHT('diesel used'!F15, LEN('diesel used'!F15) - FIND("-", 'diesel used'!F15)) -> 275
A16: ='diesel used'!A16 -> 9 | B16: CP | C16: ='diesel used'!B16 -> CMLNP | D16: ='diesel used'!C16 -> Regular | H16: =RIGHT('diesel used'!F16, LEN('diesel used'!F16) - FIND("-", 'diesel used'!F16)) -> 500 | K16: ='diesel used'!I16+'diesel used'!I17 -> 0 | L16: ='diesel used'!J16 -> 3145.712 | M16: =IFERROR(L16/K16, "X") -> X | P16: ='diesel used'!N16+'diesel used'!N17 -> 218.076 | Q16: ='diesel used'!O16 -> 5027.636 | R16: =IFERROR(Q16/P16, "X") -> 23.054513 | U16: ='diesel used'!S16+'diesel used'!S17 -> 0 | V16: ='diesel used'!T16 -> 5027.636 | W16: =IFERROR(V16/U16, "X") -> X | Z16: ='diesel used'!X16+'diesel used'!X17 -> 0 | AA16: ='diesel used'!Y16 -> 5027.636 | AB16: =IFERROR(AA16/Z16, "X") -> X | AE16: ='diesel used'!AC16+'diesel used'!AC17 -> 0 | AF16: ='diesel used'!AD16 -> 5027.636 | AG16: =IFERROR(AF16/AE16, "X") -> X | AJ16: ='diesel used'!AH16+'diesel used'!AH17 -> 0 | AK16: ='diesel used'!AI16 -> 0 | AL16: =IFERROR(AK16/AJ16, "X") -> X
A17: ='diesel used'!A17 -> 10 | B17: CP | C17: ='diesel used'!B17 -> CMLNP | D17: ='diesel used'!C17 -> Regular | H17: =RIGHT('diesel used'!F17, LEN('diesel used'!F17) - FIND("-", 'diesel used'!F17)) -> 500
A18: ='diesel used'!A18 -> 12 | B18: CP | C18: ='diesel used'!B18 -> CMLPZD | D18: ='diesel used'!C18 -> Regular | H18: =RIGHT('diesel used'!F18, LEN('diesel used'!F18) - FIND("-", 'diesel used'!F18)) -> 500 | K18: ='diesel used'!I18+'diesel used'!I19+'diesel used'!I20 -> 296 | L18: ='diesel used'!J18 -> 4501 | M18: =IFERROR(L18/K18, "X") -> 15.206081 | P18: ='diesel used'!N18+'diesel used'!N19+'diesel used'!N20 -> 186 | Q18: ='diesel used'!O18 -> 4700 | R18: =IFERROR(Q18/P18, "X") -> 25.268817 | U18: ='diesel used'!S18+'diesel used'!S19+'diesel used'!S20 -> 78 | V18: ='diesel used'!T18 -> 4610 | W18: =IFERROR(V18/U18, "X") -> 59.102564 | Z18: ='diesel used'!X18+'diesel used'!X19+'diesel used'!X20 -> 577 | AA18: ='diesel used'!Y18 -> 4182 | AB18: =IFERROR(AA18/Z18, "X") -> 7.2478336 | AE18: ='diesel used'!AC18+'diesel used'!AC19+'diesel used'!AC20 -> 213 | AF18: ='diesel used'!AD18 -> 3787 | AG18: =IFERROR(AF18/AE18, "X") -> 17.779343 | AJ18: ='diesel used'!AH18+'diesel used'!AH19+'diesel used'!AH20 -> 0 | AK18: ='diesel used'!AI18 -> 0 | AL18: =IFERROR(AK18/AJ18, "X") -> X
A19: ='diesel used'!A19 -> 11 | B19: CP | C19: ='diesel used'!B19 -> CMLPZD | D19: ='diesel used'!C19 -> Regular | H19: =RIGHT('diesel used'!F19, LEN('diesel used'!F19) - FIND("-", 'diesel used'!F19)) -> 550 | L19: ='diesel used'!J19 -> 4387 | Q19: ='diesel used'!O19 -> 4655 | V19: ='diesel used'!T19 -> 4577 | AA19: ='diesel used'!Y19 -> 4000 | AF19: ='diesel used'!AD19 -> 0 | AK19: ='diesel used'!AI19 -> 0
A20: ='diesel used'!A20 -> 13 | B20: CP | C20: ='diesel used'!B20 -> CMLPZD | D20: ='diesel used'!C20 -> Regular | H20: =RIGHT('diesel used'!F20, LEN('diesel used'!F20) - FIND("-", 'diesel used'!F20)) -> 700 | L20: ='diesel used'!J20 -> 0 | Q20: ='diesel used'!O20 -> 0 | V20: ='diesel used'!T20 -> 0 | AA20: ='diesel used'!Y20 -> 0 | AF20: ='diesel used'!AD20 -> 0 | AK20: ='diesel used'!AI20 -> 0
A21: ='diesel used'!A21 -> 14 | B21: CP | C21: ='diesel used'!B21 -> CMLSPL | D21: ='diesel used'!C21 -> Regular | H21: =RIGHT('diesel used'!F21, LEN('diesel used'!F21) - FIND("-", 'diesel used'!F21)) -> 200 | K21: ='diesel used'!I21+'diesel used'!I22+'diesel used'!I23 -> 527 | L21: ='diesel used'!J21 -> 0 | M21: =IFERROR(L21/K21, "X") -> 0 | P21: ='diesel used'!N21+'diesel used'!N22+'diesel used'!N23 -> 386 | Q21: ='diesel used'!O21 -> 0 | R21: =IFERROR(Q21/P21, "X") -> 0 | U21: ='diesel used'!S21+'diesel used'!S22+'diesel used'!S23 -> 296 | V21: ='diesel used'!T21 -> 5041 | W21: =IFERROR(V21/U21, "X") -> 17.030405 | Z21: ='diesel used'!X21+'diesel used'!X22+'diesel used'!X23 -> 1183 | AA21: ='diesel used'!Y21 -> 3858 | AB21: =IFERROR(AA21/Z21, "X") -> 3.2612003 | AE21: ='diesel used'!AC21+'diesel used'!AC22+'diesel used'!AC23 -> 103 | AF21: ='diesel used'!AD21 -> 3755 | AG21: =IFERROR(AF21/AE21, "X") -> 36.456311 | AJ21: ='diesel used'!AH21+'diesel used'!AH22+'diesel used'!AH23 -> 0 | AK21: ='diesel used'!AI21 -> 0 | AL21: =IFERROR(AK21/AJ21, "X") -> X
A22: ='diesel used'!A22 -> 15 | B22: CP | C22: ='diesel used'!B22 -> CMLSPL | D22: ='diesel used'!C22 -> Regular | H22: =RIGHT('diesel used'!F22, LEN('diesel used'!F22) - FIND("-", 'diesel used'!F22)) -> 727 | L22: ='diesel used'!J22 -> 0 | Q22: ='diesel used'!O22 -> 0 | V22: ='diesel used'!T22 -> 0 | AA22: ='diesel used'!Y22 -> 0 | AF22: ='diesel used'!AD22 -> 0 | AK22: ='diesel used'!AI22 -> 0
A23: ='diesel used'!A23 -> 16 | B23: CP | C23: ='diesel used'!B23 -> CMLSPL | D23: ='diesel used'!C23 -> Regular | H23: =RIGHT('diesel used'!F23, LEN('diesel used'!F23) - FIND("-", 'diesel used'!F23)) -> 500 | L23: ='diesel used'!J23 -> 4723 | Q23: ='diesel used'!O23 -> 5337 | V23: ='diesel used'!T23 -> 0 | AA23: ='diesel used'!Y23 -> 0 | AF23: ='diesel used'!AD23 -> 0 | AK23: ='diesel used'!AI23 -> 0
A24: ='diesel used'!A24 -> 17 | B24: CP | C24: ='diesel used'!B24 -> CMMNG | D24: ='diesel used'!C24 -> Regular | H24: =RIGHT('diesel used'!F24, LEN('diesel used'!F24) - FIND("-", 'diesel used'!F24)) -> 700 | K24: ='diesel used'!I24 -> 136.308 | L24: ='diesel used'!J24 -> 2627.42 | M24: =IFERROR(L24/K24, "X") -> 19.275611 | P24: ='diesel used'!N24 -> 72.736 | Q24: ='diesel used'!O24 -> 2554.684 | R24: =IFERROR(Q24/P24, "X") -> 35.12269 | U24: ='diesel used'!S24 -> 0 | V24: ='diesel used'!T24 -> 2554.684 | W24: =IFERROR(V24/U24, "X") -> X | Z24: ='diesel used'!X24 -> 113.65 | AA24: ='diesel used'!Y24 -> 2441.034 | AB24: =IFERROR(AA24/Z24, "X") -> 21.478522 | AE24: ='diesel used'!AC24 -> 0 | AF24: ='diesel used'!AD24 -> 2441.034 | AG24: =IFERROR(AF24/AE24, "X") -> X | AJ24: ='diesel used'!AH24 -> 0 | AK24: ='diesel used'!AI24 -> 0 | AL24: =IFERROR(AK24/AJ24, "X") -> X
A25: ='diesel used'!A25 -> 18 | B25: CP | C25: ='diesel used'!B25 -> CMPale | D25: ='diesel used'!C25 -> Regular | H25: =RIGHT('diesel used'!F25, LEN('diesel used'!F25) - FIND("-", 'diesel used'!F25)) -> 220 | K25: ='diesel used'!I25+'diesel used'!I26 -> 202.5 | L25: ='diesel used'!J25 -> 1912.5 | M25: =IFERROR(L25/K25, "X") -> 9.4444444 | P25: ='diesel used'!N25+'diesel used'!N26 -> 247.5 | Q25: ='diesel used'!O25 -> 1650 | R25: =IFERROR(Q25/P25, "X") -> 6.6666667 | U25: ='diesel used'!S25+'diesel used'!S26 -> 0 | V25: ='diesel used'!T25 -> 2650 | W25: =IFERROR(V25/U25, "X") -> X | Z25: ='diesel used'!X25+'diesel used'!X26 -> 225 | AA25: ='diesel used'!Y25 -> 2425 | AB25: =IFERROR(AA25/Z25, "X") -> 10.777778 | AE25: ='diesel used'!AC25+'diesel used'!AC26 -> 125 | AF25: ='diesel used'!AD25 -> 2300 | AG25: =IFERROR(AF25/AE25, "X") -> 18.4 | AJ25: ='diesel used'!AH25+'diesel used'!AH26 -> 0 | AK25: ='diesel used'!AI25 -> 0 | AL25: =IFERROR(AK25/AJ25, "X") -> X
A26: ='diesel used'!A26 -> 19 | B26: CP | C26: ='diesel used'!B26 -> CMPale | D26: ='diesel used'!C26 -> Regular | H26: =RIGHT('diesel used'!F26, LEN('diesel used'!F26) - FIND("-", 'diesel used'!F26)) -> 350 | L26: ='diesel used'!J26 -> 1913 | Q26: ='diesel used'!O26 -> 0 | V26: ='diesel used'!T26 -> 0 | AA26: ='diesel used'!Y26 -> 0 | AF26: ='diesel used'!AD26 -> 0 | AK26: ='diesel used'!AI26 -> 0
A27: ='diesel used'!A27 -> 20 | B27: CP | C27: ='diesel used'!B27 -> CMPLST | D27: ='diesel used'!C27 -> Regular | H27: =RIGHT('diesel used'!F27, LEN('diesel used'!F27) - FIND("-", 'diesel used'!F27)) -> 100 | K27: ='diesel used'!I27+'diesel used'!I28 -> 95.05 | L27: ='diesel used'!J27 -> 2837.5 | M27: =IFERROR(L27/K27, "X") -> 29.852709 | P27: ='diesel used'!N27+'diesel used'!N28 -> 36.4 | Q27: ='diesel used'!O27 -> 2678.75 | R27: =IFERROR(Q27/P27, "X") -> 73.592033 | U27: ='diesel used'!S27+'diesel used'!S28 -> 31.85 | V27: ='diesel used'!T27 -> 2678.75 | W27: =IFERROR(V27/U27, "X") -> 84.105181 | Z27: ='diesel used'!X27+'diesel used'!X28 -> 350.35 | AA27: ='diesel used'!Y27 -> 2360.25 | AB27: =IFERROR(AA27/Z27, "X") -> 6.7368346 | AE27: ='diesel used'!AC27+'diesel used'!AC28 -> 68.25 | AF27: ='diesel used'!AD27 -> 2360.25 | AG27: =IFERROR(AF27/AE27, "X") -> 34.582418 | AJ27: ='diesel used'!AH27+'diesel used'!AH28 -> 0 | AK27: ='diesel used'!AI27 -> 0 | AL27: =IFERROR(AK27/AJ27, "X") -> X
A28: ='diesel used'!A28 -> 21 | B28: CP | C28: ='diesel used'!B28 -> CMPLST | D28: ='diesel used'!C28 -> Regular | H28: =RIGHT('diesel used'!F28, LEN('diesel used'!F28) - FIND("-", 'diesel used'!F28)) -> 550
A29: ='diesel used'!A29 -> 22 | B29: CP | C29: ='diesel used'!B29 -> CMSDHG | D29: ='diesel used'!C29 -> Regular | H29: =RIGHT('diesel used'!F29, LEN('diesel used'!F29) - FIND("-", 'diesel used'!F29)) -> 440 | K29: ='diesel used'!I29+'diesel used'!I30 -> 268.45 | L29: ='diesel used'!J29 -> 3355.3 | M29: =IFERROR(L29/K29, "X") -> 12.498789 | P29: ='diesel used'!N29+'diesel used'!N30 -> 349.75 | Q29: ='diesel used'!O29 -> 3005.55 | R29: =IFERROR(Q29/P29, "X") -> 8.5934239 | U29: ='diesel used'!S29+'diesel used'!S30 -> 359.45 | V29: ='diesel used'!T29 -> 2555.1 | W29: =IFERROR(V29/U29, "X") -> 7.10836 | Z29: ='diesel used'!X29+'diesel used'!X30 -> 353.9 | AA29: ='diesel used'!Y29 -> 2201.2 | AB29: =IFERROR(AA29/Z29, "X") -> 6.2198361 | AE29: ='diesel used'!AC29+'diesel used'!AC30 -> 95.55 | AF29: ='diesel used'!AD29 -> 2105.65 | AG29: =IFERROR(AF29/AE29, "X") -> 22.037153 | AJ29: ='diesel used'!AH29+'diesel used'!AH30 -> 0 | AK29: ='diesel used'!AI29 -> 0 | AL29: =IFERROR(AK29/AJ29, "X") -> X
A30: ='diesel used'!A30 -> 23 | B30: CP | C30: ='diesel used'!B30 -> CMSDHG | D30: ='diesel used'!C30 -> Regular | H30: =RIGHT('diesel used'!F30, LEN('diesel used'!F30) - FIND("-", 'diesel used'!F30)) -> 440
A31: ='diesel used'!A31 -> 24 | B31: CP | C31: ='diesel used'!B31 -> CMSPT | D31: ='diesel used'!C31 -> Regular | H31: =RIGHT('diesel used'!F31, LEN('diesel used'!F31) - FIND("-", 'diesel used'!F31)) -> 440 | K31: ='diesel used'!I31 -> 181.84 | L31: ='diesel used'!J31 -> 2650.018 | M31: =IFERROR(L31/K31, "X") -> 14.57335 | P31: ='diesel used'!N31 -> 390.884 | Q31: ='diesel used'!O31 -> 2259.134 | R31: =IFERROR(Q31/P31, "X") -> 5.779551 | U31: ='diesel used'!S31 -> 277.282 | V31: ='diesel used'!T31 -> 2981.852 | W31: =IFERROR(V31/U31, "X") -> 10.753861 | Z31: ='diesel used'!X31 -> 254.54 | AA31: ='diesel used'!Y31 -> 2727.312 | AB31: =IFERROR(AA31/Z31, "X") -> 10.71467 | AE31: ='diesel used'!AC31 -> 222.73 | AF31: ='diesel used'!AD31 -> 2504.528 | AG31: =IFERROR(AF31/AE31, "X") -> 11.244682 | AJ31: ='diesel used'!AH31 -> 0 | AK31: ='diesel used'!AI31 -> 0 | AL31: =IFERROR(AK31/AJ31, "X") -> X
A32: ='diesel used'!A32 -> 25 | B32: CP | C32: ='diesel used'!B32 -> CMTLKK | D32: ='diesel used'!C32 -> Regular | H32: =RIGHT('diesel used'!F32, LEN('diesel used'!F32) - FIND("-", 'diesel used'!F32)) -> 275 | K32: ='diesel used'!I32+'diesel used'!I33 -> 340 | L32: ='diesel used'!J32 -> 4800 | M32: =IFERROR(L32/K32, "X") -> 14.117647 | P32: ='diesel used'!N32+'diesel used'!N33 -> 320 | Q32: ='diesel used'!O32 -> 4590 | R32: =IFERROR(Q32/P32, "X") -> 14.34375 | U32: ='diesel used'!S32+'diesel used'!S33 -> 290 | V32: ='diesel used'!T32 -> 4300 | W32: =IFERROR(V32/U32, "X") -> 14.827586 | Z32: ='diesel used'!X32+'diesel used'!X33 -> 300 | AA32: ='diesel used'!Y32 -> 3900 | AB32: =IFERROR(AA32/Z32, "X") -> 13 | AE32: ='diesel used'!AC32+'diesel used'!AC33 -> 350 | AF32: ='diesel used'!AD32 -> 3550 | AG32: =IFERROR(AF32/AE32, "X") -> 10.142857 | AJ32: ='diesel used'!AH32+'diesel used'!AH33 -> 0 | AK32: ='diesel used'!AI32 -> 0 | AL32: =IFERROR(AK32/AJ32, "X") -> X
A33: ='diesel used'!A33 -> 26 | B33: CP | C33: ='diesel used'!B33 -> CMTLKK | D33: ='diesel used'!C33 -> Regular | H33: =RIGHT('diesel used'!F33, LEN('diesel used'!F33) - FIND("-", 'diesel used'!F33)) -> 410 | L33: ='diesel used'!J33 -> 0 | Q33: ='diesel used'!O33 -> 0 | V33: ='diesel used'!T33 -> 0 | AA33: ='diesel used'!Y33 -> 0 | AF33: ='diesel used'!AD33 -> 0 | AK33: ='diesel used'!AI33 -> 0
A34: ='diesel used'!A34 -> 27 | B34: CP | C34: ='diesel used'!B34 -> CMTM | D34: ='diesel used'!C34 -> Regular | H34: =RIGHT('diesel used'!F34, LEN('diesel used'!F34) - FIND("-", 'diesel used'!F34)) -> 500 | K34: ='diesel used'!I34+'diesel used'!I35 -> 47 | L34: ='diesel used'!J34 -> 1667 | M34: =IFERROR(L34/K34, "X") -> 35.468085 | P34: ='diesel used'!N34+'diesel used'!N35 -> 122 | Q34: ='diesel used'!O34 -> 2460 | R34: =IFERROR(Q34/P34, "X") -> 20.163934 | U34: ='diesel used'!S34+'diesel used'!S35 -> 0 | V34: ='diesel used'!T34 -> 2452 | W34: =IFERROR(V34/U34, "X") -> X | Z34: ='diesel used'!X34+'diesel used'!X35 -> 164 | AA34: ='diesel used'!Y34 -> 2673 | AB34: =IFERROR(AA34/Z34, "X") -> 16.29878 | AE34: ='diesel used'!AC34+'diesel used'!AC35 -> 145 | AF34: ='diesel used'!AD34 -> 2528 | AG34: =IFERROR(AF34/AE34, "X") -> 17.434483 | AJ34: ='diesel used'!AH34+'diesel used'!AH35 -> 0 | AK34: ='diesel used'!AI34 -> 0 | AL34: =IFERROR(AK34/AJ34, "X") -> X
A35: ='diesel used'!A35 -> 28 | B35: CP | C35: ='diesel used'!B35 -> CMTM | D35: ='diesel used'!C35 -> Regular | H35: =RIGHT('diesel used'!F35, LEN('diesel used'!F35) - FIND("-", 'diesel used'!F35)) -> 550 | L35: ='diesel used'!J35 -> 0 | Q35: ='diesel used'!O35 -> 0 | V35: ='diesel used'!T35 -> 0 | AA35: ='diesel used'!Y35 -> 0 | AF35: ='diesel used'!AD35 -> 0 | AK35: ='diesel used'!AI35 -> 0
A36: ='diesel used'!A36 -> 29 | B36: CP | C36: ='diesel used'!B36 -> CMWZYD | D36: ='diesel used'!C36 -> Regular | H36: =RIGHT('diesel used'!F36, LEN('diesel used'!F36) - FIND("-", 'diesel used'!F36)) -> 550 | K36: ='diesel used'!I36 -> 272.7 | L36: ='diesel used'!J36 -> 2181.78 | M36: =IFERROR(L36/K36, "X") -> 8.0006601 | P36: ='diesel used'!N36 -> 295.31 | Q36: ='diesel used'!O36 -> 1886.47 | R36: =IFERROR(Q36/P36, "X") -> 6.3881006 | U36: ='diesel used'!S36 -> 227.228 | V36: ='diesel used'!T36 -> 2572.868 | W36: =IFERROR(V36/U36, "X") -> 11.322848 | Z36: ='diesel used'!X36 -> 472.784 | AA36: ='diesel used'!Y36 -> 2100.084 | AB36: =IFERROR(AA36/Z36, "X") -> 4.4419524 | AE36: ='diesel used'!AC36 -> 0 | AF36: ='diesel used'!AD36 -> 3100 | AG36: =IFERROR(AF36/AE36, "X") -> X | AJ36: ='diesel used'!AH36 -> 0 | AK36: ='diesel used'!AI36 -> 0 | AL36: =IFERROR(AK36/AJ36, "X") -> X
A37: ='diesel used'!A37 -> 30 | B37: CP | C37: ='diesel used'!B37 -> CMYK | D37: ='diesel used'!C37 -> Regular | H37: =RIGHT('diesel used'!F37, LEN('diesel used'!F37) - FIND("-", 'diesel used'!F37)) -> 440 | K37: ='diesel used'!I37 -> 141 | L37: ='diesel used'!J37 -> 1619 | M37: =IFERROR(L37/K37, "X") -> 11.48227 | P37: ='diesel used'!N37 -> 86 | Q37: ='diesel used'!O37 -> 1533 | R37: =IFERROR(Q37/P37, "X") -> 17.825581 | U37: ='diesel used'!S37 -> 32 | V37: ='diesel used'!T37 -> 1501 | W37: =IFERROR(V37/U37, "X") -> 46.90625 | Z37: ='diesel used'!X37 -> 246 | AA37: ='diesel used'!Y37 -> 1255 | AB37: =IFERROR(AA37/Z37, "X") -> 5.101626 | AE37: ='diesel used'!AC37 -> 95 | AF37: ='diesel used'!AD37 -> 1160 | AG37: =IFERROR(AF37/AE37, "X") -> 12.210526 | AJ37: ='diesel used'!AH37 -> 0 | AK37: ='diesel used'!AI37 -> 0 | AL37: =IFERROR(AK37/AJ37, "X") -> X
A38: ='diesel used'!A38 -> 31 | B38: CP | C38: ='diesel used'!B38 -> MPGV | D38: ='diesel used'!C38 -> Regular | H38: =RIGHT('diesel used'!F38, LEN('diesel used'!F38) - FIND("-", 'diesel used'!F38)) -> 440 | K38: ='diesel used'!I38+'diesel used'!I39 -> 90.776 | L38: ='diesel used'!J38 -> 4777.654 | M38: =IFERROR(L38/K38, "X") -> 52.631246 | P38: ='diesel used'!N38+'diesel used'!N39 -> 68.19 | Q38: ='diesel used'!O38 -> 5209.464 | R38: =IFERROR(Q38/P38, "X") -> 76.396304 | U38: ='diesel used'!S38+'diesel used'!S39 -> 0 | V38: ='diesel used'!T38 -> 5209 | W38: =IFERROR(V38/U38, "X") -> X | Z38: ='diesel used'!X38+'diesel used'!X39 -> 0 | AA38: ='diesel used'!Y38 -> 5209 | AB38: =IFERROR(AA38/Z38, "X") -> X | AE38: ='diesel used'!AC38+'diesel used'!AC39 -> 0 | AF38: ='diesel used'!AD38 -> 5209 | AG38: =IFERROR(AF38/AE38, "X") -> X | AJ38: ='diesel used'!AH38+'diesel used'!AH39 -> 0 | AK38: ='diesel used'!AI38 -> 0 | AL38: =IFERROR(AK38/AJ38, "X") -> X
A39: ='diesel used'!A39 -> 32 | B39: CP | C39: ='diesel used'!B39 -> MPGV | D39: ='diesel used'!C39 -> Regular | H39: =RIGHT('diesel used'!F39, LEN('diesel used'!F39) - FIND("-", 'diesel used'!F39)) -> 727 | K39: ='diesel used'!I39 -> 68.046 | L39: ='diesel used'!J39 -> 0 | P39: ='diesel used'!N39 -> 0 | Q39: ='diesel used'!O39 -> 0 | U39: ='diesel used'!S39 -> 0 | V39: ='diesel used'!T39 -> 0 | Z39: ='diesel used'!X39 -> 0 | AA39: ='diesel used'!Y39 -> 0 | AE39: ='diesel used'!AC39 -> 0 | AF39: ='diesel used'!AD39 -> 0 | AJ39: ='diesel used'!AH39 -> 0 | AK39: ='diesel used'!AI39 -> 0
A40: ='diesel used'!A40 -> 33 | B40: CP | C40: ='diesel used'!B40 -> CMCNTP | D40: ='diesel used'!C40 -> LNG | H40: =RIGHT('diesel used'!F40, LEN('diesel used'!F40) - FIND("-", 'diesel used'!F40)) -> 550 | K40: ='diesel used'!I40 -> 0 | L40: ='diesel used'!J40 -> 1955 | M40: =IFERROR(L40/K40, "X") -> X | P40: ='diesel used'!N40 -> 55 | Q40: ='diesel used'!O40 -> 1900 | R40: =IFERROR(Q40/P40, "X") -> 34.545455 | U40: ='diesel used'!S40 -> 118 | V40: ='diesel used'!T40 -> 1782 | W40: =IFERROR(V40/U40, "X") -> 15.101695 | Z40: ='diesel used'!X40 -> 0 | AA40: ='diesel used'!Y40 -> 1782 | AB40: =IFERROR(AA40/Z40, "X") -> X | AE40: ='diesel used'!AC40 -> 0 | AF40: ='diesel used'!AD40 -> 1782 | AG40: =IFERROR(AF40/AE40, "X") -> X | AJ40: ='diesel used'!AH40 -> 0 | AK40: ='diesel used'!AI40 -> 0 | AL40: =IFERROR(AK40/AJ40, "X") -> X
A41: ='diesel used'!A41 -> 34 | B41: CP | C41: ='diesel used'!B41 -> CMLHTY | D41: ='diesel used'!C41 -> LNG | H41: =RIGHT('diesel used'!F41, LEN('diesel used'!F41) - FIND("-", 'diesel used'!F41)) -> 550 | K41: ='diesel used'!I41+'diesel used'!I42+'diesel used'!I43 -> 65 | L41: ='diesel used'!J41 -> 7577 | M41: =IFERROR(L41/K41, "X") -> 116.56923 | P41: ='diesel used'!N41+'diesel used'!N42+'diesel used'!N43 -> 16 | Q41: ='diesel used'!O41 -> 7561 | R41: =IFERROR(Q41/P41, "X") -> 472.5625 | U41: ='diesel used'!S41+'diesel used'!S42+'diesel used'!S43 -> 23 | V41: ='diesel used'!T41 -> 7538 | W41: =IFERROR(V41/U41, "X") -> 327.73913 | Z41: ='diesel used'!X41+'diesel used'!X42+'diesel used'!X43 -> 0 | AA41: ='diesel used'!Y41 -> 7538 | AB41: =IFERROR(AA41/Z41, "X") -> X | AE41: ='diesel used'!AC41+'diesel used'!AC42+'diesel used'!AC43 -> 70 | AF41: ='diesel used'!AD41 -> 7468 | AG41: =IFERROR(AF41/AE41, "X") -> 106.68571 | AJ41: ='diesel used'!AH41+'diesel used'!AH42+'diesel used'!AH43 -> 0 | AK41: ='diesel used'!AI41 -> 0 | AL41: =IFERROR(AK41/AJ41, "X") -> X
A42: ='diesel used'!A42 -> 35 | B42: CP | C42: ='diesel used'!B42 -> CMLHTY | D42: ='diesel used'!C42 -> LNG | H42: =RIGHT('diesel used'!F42, LEN('diesel used'!F42) - FIND("-", 'diesel used'!F42)) -> 727
A43: ='diesel used'!A43 -> 36 | B43: CP | C43: ='diesel used'!B43 -> CMLHTY | D43: ='diesel used'!C43 -> LNG | H43: =RIGHT('diesel used'!F43, LEN('diesel used'!F43) - FIND("-", 'diesel used'!F43)) -> 200
A44: ='diesel used'!A44 -> 37 | B44: CP | C44: ='diesel used'!B44 -> CMLMLM | D44: ='diesel used'!C44 -> LNG | H44: =RIGHT('diesel used'!F44, LEN('diesel used'!F44) - FIND("-", 'diesel used'!F44)) -> 727 | K44: ='diesel used'!I44+'diesel used'!I45+'diesel used'!I46 -> 0 | L44: ='diesel used'!J44 -> 3430 | M44: =IFERROR(L44/K44, "X") -> X | P44: ='diesel used'!N44+'diesel used'!N45+'diesel used'!N46 -> 0 | Q44: ='diesel used'!O44 -> 3430 | R44: =IFERROR(Q44/P44, "X") -> X | U44: ='diesel used'!S44+'diesel used'!S45+'diesel used'!S46 -> 0 | V44: ='diesel used'!T44 -> 3430 | W44: =IFERROR(V44/U44, "X") -> X | Z44: ='diesel used'!X44+'diesel used'!X45+'diesel used'!X46 -> 5 | AA44: ='diesel used'!Y44 -> 3425 | AB44: =IFERROR(AA44/Z44, "X") -> 685 | AE44: ='diesel used'!AC44+'diesel used'!AC45+'diesel used'!AC46 -> 225 | AF44: ='diesel used'!AD44 -> 3200 | AG44: =IFERROR(AF44/AE44, "X") -> 14.222222 | AJ44: ='diesel used'!AH44+'diesel used'!AH45+'diesel used'!AH46 -> 0 | AK44: ='diesel used'!AI44 -> 0 | AL44: =IFERROR(AK44/AJ44, "X") -> X
A45: ='diesel used'!A45 -> 38 | B45: CP | C45: ='diesel used'!B45 -> CMLMLM | D45: ='diesel used'!C45 -> LNG | H45: =RIGHT('diesel used'!F45, LEN('diesel used'!F45) - FIND("-", 'diesel used'!F45)) -> 727
A46: ='diesel used'!A46 -> 39 | B46: CP | C46: ='diesel used'!B46 -> CMLMLM | D46: ='diesel used'!C46 -> LNG | H46: =RIGHT('diesel used'!F46, LEN('diesel used'!F46) - FIND("-", 'diesel used'!F46)) -> 250
A47: ='diesel used'!A47 -> 40 | B47: CP | C47: ='diesel used'!B47 -> CMLOTR | D47: ='diesel used'!C47 -> LNG | H47: =RIGHT('diesel used'!F47, LEN('diesel used'!F47) - FIND("-", 'diesel used'!F47)) -> 727 | K47: ='diesel used'!I47+'diesel used'!I48 -> 0 | L47: ='diesel used'!J47 -> 2155 | M47: =IFERROR(L47/K47, "X") -> X | P47: ='diesel used'!N47+'diesel used'!N48 -> 0 | Q47: ='diesel used'!O47 -> 2155 | R47: =IFERROR(Q47/P47, "X") -> X | U47: ='diesel used'!S47+'diesel used'!S48 -> 0 | V47: ='diesel used'!T47 -> 2155 | W47: =IFERROR(V47/U47, "X") -> X | Z47: ='diesel used'!X47+'diesel used'!X48 -> 1 | AA47: ='diesel used'!Y47 -> 2155 | AB47: =IFERROR(AA47/Z47, "X") -> 2155 | AE47: ='diesel used'!AC47+'diesel used'!AC48 -> 24 | AF47: ='diesel used'!AD47 -> 2130 | AG47: =IFERROR(AF47/AE47, "X") -> 88.75 | AJ47: ='diesel used'!AH47+'diesel used'!AH48 -> 0 | AK47: ='diesel used'!AI47 -> 0 | AL47: =IFERROR(AK47/AJ47, "X") -> X
A48: ='diesel used'!A48 -> 41 | B48: CP | C48: ='diesel used'!B48 -> CMLOTR | D48: ='diesel used'!C48 -> LNG | H48: =RIGHT('diesel used'!F48, LEN('diesel used'!F48) - FIND("-", 'diesel used'!F48)) -> 727 | L48: ='diesel used'!J48 -> 0 | Q48: ='diesel used'!O48 -> 0 | V48: ='diesel used'!T48 -> 0 | AA48: ='diesel used'!Y48 -> 0 | AF48: ='diesel used'!AD48 -> 0 | AK48: ='diesel used'!AI48 -> 0
A49: ='diesel used'!A49 -> 42 | B49: CP | C49: ='diesel used'!B49 -> CMLPT | D49: ='diesel used'!C49 -> LNG | H49: =RIGHT('diesel used'!F49, LEN('diesel used'!F49) - FIND("-", 'diesel used'!F49)) -> 440 | K49: ='diesel used'!I49+'diesel used'!I50+'diesel used'!I51 -> 0 | L49: ='diesel used'!J49 -> 4237 | M49: =IFERROR(L49/K49, "X") -> X | P49: ='diesel used'!N49+'diesel used'!N50+'diesel used'!N51 -> 0 | Q49: ='diesel used'!O49 -> 4237 | R49: =IFERROR(Q49/P49, "X") -> X | U49: ='diesel used'!S49+'diesel used'!S50+'diesel used'!S51 -> 0 | V49: ='diesel used'!T49 -> 4237 | W49: =IFERROR(V49/U49, "X") -> X | Z49: ='diesel used'!X49+'diesel used'!X50+'diesel used'!X51 -> 0 | AA49: ='diesel used'!Y49 -> 4237 | AB49: =IFERROR(AA49/Z49, "X") -> X | AE49: ='diesel used'!AC49+'diesel used'!AC50+'diesel used'!AC51 -> 0 | AF49: ='diesel used'!AD49 -> 4237 | AG49: =IFERROR(AF49/AE49, "X") -> X | AJ49: ='diesel used'!AH49+'diesel used'!AH50+'diesel used'!AH51 -> 0 | AK49: ='diesel used'!AI49 -> 0 | AL49: =IFERROR(AK49/AJ49, "X") -> X
A50: ='diesel used'!A50 -> 43 | B50: CP | C50: ='diesel used'!B50 -> CMLPT | D50: ='diesel used'!C50 -> LNG | H50: =RIGHT('diesel used'!F50, LEN('diesel used'!F50) - FIND("-", 'diesel used'!F50)) -> 440 | L50: ='diesel used'!J50 -> 0 | Q50: ='diesel used'!O50 -> 0 | V50: ='diesel used'!T50 -> 0 | AA50: ='diesel used'!Y50 -> 0 | AF50: ='diesel used'!AD50 -> 0 | AK50: ='diesel used'!AI50 -> 0
A51: ='diesel used'!A51 -> 44 | B51: CP | C51: ='diesel used'!B51 -> CMLPT | D51: ='diesel used'!C51 -> LNG | H51: =RIGHT('diesel used'!F51, LEN('diesel used'!F51) - FIND("-", 'diesel used'!F51)) -> 500 | L51: ='diesel used'!J51 -> 0 | Q51: ='diesel used'!O51 -> 0 | V51: ='diesel used'!T51 -> 0 | AA51: ='diesel used'!Y51 -> 0 | AF51: ='diesel used'!AD51 -> 0 | AK51: ='diesel used'!AI51 -> 0
A52: ='diesel used'!A52 -> 45 | B52: CP | C52: ='diesel used'!B52 -> CMLTMW | D52: ='diesel used'!C52 -> LNG | H52: =RIGHT('diesel used'!F52, LEN('diesel used'!F52) - FIND("-", 'diesel used'!F52)) -> 550 | K52: ='diesel used'!I52+'diesel used'!I53+'diesel used'!I54 -> 0 | L52: ='diesel used'!J52 -> 5157 | M52: =IFERROR(L52/K52, "X") -> X | P52: ='diesel used'!N52+'diesel used'!N53+'diesel used'!N54 -> 0 | Q52: ='diesel used'!O52 -> 5157 | R52: =IFERROR(Q52/P52, "X") -> X | U52: ='diesel used'!S52+'diesel used'!S53+'diesel used'!S54 -> 0 | V52: ='diesel used'!T52 -> 5157 | W52: =IFERROR(V52/U52, "X") -> X | Z52: ='diesel used'!X52+'diesel used'!X53+'diesel used'!X54 -> 0 | AA52: ='diesel used'!Y52 -> 5157 | AB52: =IFERROR(AA52/Z52, "X") -> X | AE52: ='diesel used'!AC52+'diesel used'!AC53+'diesel used'!AC54 -> 0 | AF52: ='diesel used'!AD52 -> 5157 | AG52: =IFERROR(AF52/AE52, "X") -> X | AJ52: ='diesel used'!AH52+'diesel used'!AH53+'diesel used'!AH54 -> 0 | AK52: ='diesel used'!AI52 -> 0 | AL52: =IFERROR(AK52/AJ52, "X") -> X
A53: ='diesel used'!A53 -> 46 | B53: CP | C53: ='diesel used'!B53 -> CMLTMW | D53: ='diesel used'!C53 -> LNG | H53: =RIGHT('diesel used'!F53, LEN('diesel used'!F53) - FIND("-", 'diesel used'!F53)) -> 550 | L53: ='diesel used'!J53 -> 0 | Q53: ='diesel used'!O53 -> 0 | V53: ='diesel used'!T53 -> 0 | AA53: ='diesel used'!Y53 -> 0 | AF53: ='diesel used'!AD53 -> 0 | AK53: ='diesel used'!AI53 -> 0
A54: ='diesel used'!A54 -> 47 | B54: CP | C54: ='diesel used'!B54 -> CMLTMW | D54: ='diesel used'!C54 -> LNG | H54: =RIGHT('diesel used'!F54, LEN('diesel used'!F54) - FIND("-", 'diesel used'!F54)) -> 727 | L54: ='diesel used'!J54 -> 0 | Q54: ='diesel used'!O54 -> 0 | V54: ='diesel used'!T54 -> 0 | AA54: ='diesel used'!Y54 -> 0 | AF54: ='diesel used'!AD54 -> 0 | AK54: ='diesel used'!AI54 -> 0
A55: ='diesel used'!A55 -> 48 | B55: CP | C55: ='diesel used'!B55 -> MP6.5 | D55: ='diesel used'!C55 -> LNG | H55: =RIGHT('diesel used'!F55, LEN('diesel used'!F55) - FIND("-", 'diesel used'!F55)) -> 550 | K55: ='diesel used'!I55+'diesel used'!I56 -> 0 | L55: ='diesel used'!J55 -> 3763.92 | M55: =IFERROR(L55/K55, "X") -> X | P55: ='diesel used'!N55+'diesel used'!N56 -> 0 | Q55: ='diesel used'!O55 -> 3763.92 | R55: =IFERROR(Q55/P55, "X") -> X | U55: ='diesel used'!S55+'diesel used'!S56 -> 0 | V55: ='diesel used'!T55 -> 3763.92 | W55: =IFERROR(V55/U55, "X") -> X | Z55: ='diesel used'!X55+'diesel used'!X56 -> 0 | AA55: ='diesel used'!Y55 -> 3763.92 | AB55: =IFERROR(AA55/Z55, "X") -> X | AE55: ='diesel used'!AC55+'diesel used'!AC56 -> 0 | AF55: ='diesel used'!AD55 -> 3763.92 | AG55: =IFERROR(AF55/AE55, "X") -> X | AJ55: ='diesel used'!AH55+'diesel used'!AH56 -> 0 | AK55: ='diesel used'!AI55 -> 0 | AL55: =IFERROR(AK55/AJ55, "X") -> X
A56: ='diesel used'!A56 -> 49 | B56: CP | C56: ='diesel used'!B56 -> MP6.5 | D56: ='diesel used'!C56 -> LNG | H56: =RIGHT('diesel used'!F56, LEN('diesel used'!F56) - FIND("-", 'diesel used'!F56)) -> 550 | L56: ='diesel used'!J56 -> 0 | Q56: ='diesel used'!O56 -> 0 | V56: ='diesel used'!T56 -> 0 | AA56: ='diesel used'!Y56 -> 0 | AF56: ='diesel used'!AD56 -> 0 | AK56: ='diesel used'!AI56 -> 0
A57: ='diesel used'!A57 -> 50 | B57: CP | C57: ='diesel used'!B57 -> CMLSJ | D57: ='diesel used'!C57 -> LNG | H57: =RIGHT('diesel used'!F57, LEN('diesel used'!F57) - FIND("-", 'diesel used'!F57)) -> 1000 (1) | K57: ='diesel used'!I57+'diesel used'!I58+'diesel used'!I59+'diesel used'!I60 -> 0 | L57: ='diesel used'!J57 -> 18494 | M57: =IFERROR(L57/K57, "X") -> X | P57: ='diesel used'!N57+'diesel used'!N58+'diesel used'!N59+'diesel used'!N60 -> 20 | Q57: ='diesel used'!O57 -> 18474 | R57: =IFERROR(Q57/P57, "X") -> 923.7 | U57: ='diesel used'!S57+'diesel used'!S58+'diesel used'!S59+'diesel used'!S60 -> 0 | V57: ='diesel used'!T57 -> 18474 | W57: =IFERROR(V57/U57, "X") -> X | Z57: ='diesel used'!X57+'diesel used'!X58+'diesel used'!X59+'diesel used'!X60 -> 0 | AA57: ='diesel used'!Y57 -> 18474 | AB57: =IFERROR(AA57/Z57, "X") -> X | AE57: ='diesel used'!AC57+'diesel used'!AC58+'diesel used'!AC59+'diesel used'!AC60 -> 0 | AF57: ='diesel used'!AD57 -> 18474 | AG57: =IFERROR(AF57/AE57, "X") -> X | AJ57: ='diesel used'!AH57+'diesel used'!AH58+'diesel used'!AH59+'diesel used'!AH60 -> 0 | AK57: ='diesel used'!AI57 -> 0 | AL57: =IFERROR(AK57/AJ57, "X") -> X
A58: ='diesel used'!A58 -> 51 | B58: CP | C58: ='diesel used'!B58 -> CMLSJ | D58: ='diesel used'!C58 -> LNG | H58: =RIGHT('diesel used'!F58, LEN('diesel used'!F58) - FIND("-", 'diesel used'!F58)) -> 1000 (2) | L58: ='diesel used'!J58 -> 0 | Q58: ='diesel used'!O58 -> 0 | V58: ='diesel used'!T58 -> 0 | AA58: ='diesel used'!Y58 -> 0 | AF58: ='diesel used'!AD58 -> 0 | AK58: ='diesel used'!AI58 -> 0
A59: ='diesel used'!A59 -> 52 | B59: CP | C59: ='diesel used'!B59 -> CMLSJ | D59: ='diesel used'!C59 -> LNG | H59: =RIGHT('diesel used'!F59, LEN('diesel used'!F59) - FIND("-", 'diesel used'!F59)) -> 1000 (3) | L59: ='diesel used'!J59 -> 0 | Q59: ='diesel used'!O59 -> 0 | V59: ='diesel used'!T59 -> 0 | AA59: ='diesel used'!Y59 -> 0 | AF59: ='diesel used'!AD59 -> 0 | AK59: ='diesel used'!AI59 -> 0
A60: ='diesel used'!A60 -> 53 | B60: CP | C60: ='diesel used'!B60 -> CMLSJ | D60: ='diesel used'!C60 -> LNG | H60: =RIGHT('diesel used'!F60, LEN('diesel used'!F60) - FIND("-", 'diesel used'!F60)) -> 1000 (4) | L60: ='diesel used'!J60 -> 0 | Q60: ='diesel used'!O60 -> 0 | V60: ='diesel used'!T60 -> 0 | AA60: ='diesel used'!Y60 -> 0 | AF60: ='diesel used'!AD60 -> 0 | AK60: ='diesel used'!AI60 -> 0
A62: ='diesel used'!A62 -> 1 | B62: CMHL | C62: ='diesel used'!B62 -> CMJSQ | D62: ='diesel used'!C62 -> 0 | H62: ='diesel used'!F62 -> 220 | K62: ='diesel used'!I62 -> 0 | L62: ='diesel used'!J62 -> 1091.04 | M62: =IFERROR(L62/K62, "X") -> X | P62: ='diesel used'!N62 -> 0 | Q62: ='diesel used'!O62 -> 1091.04 | R62: =IFERROR(Q62/P62, "X") -> X | U62: ='diesel used'!S62 -> 0 | V62: ='diesel used'!T62 -> 1091.04 | W62: =IFERROR(V62/U62, "X") -> X | Z62: ='diesel used'!X62 -> 0 | AA62: ='diesel used'!Y62 -> 1091.04 | AB62: =IFERROR(AA62/Z62, "X") -> X | AE62: ='diesel used'!AC62 -> 0 | AF62: ='diesel used'!AD62 -> 1091.04 | AG62: =IFERROR(AF62/AE62, "X") -> X | AJ62: ='diesel used'!AH62 -> 0 | AK62: ='diesel used'!AI62 -> 0 | AL62: =IFERROR(AK62/AJ62, "X") -> X
A63: ='diesel used'!A63 -> 2 | B63: CMHL | C63: ='diesel used'!B63 -> CMJMT | D63: ='diesel used'!C63 -> 0 | H63: ='diesel used'!F63 -> 275 | K63: ='diesel used'!I63 -> 0 | L63: ='diesel used'!J63 -> 1777 | M63: =IFERROR(L63/K63, "X") -> X | P63: ='diesel used'!N63 -> 45 | Q63: ='diesel used'!O63 -> 1732 | R63: =IFERROR(Q63/P63, "X") -> 38.488889 | U63: ='diesel used'!S63 -> 60 | V63: ='diesel used'!T63 -> 1672 | W63: =IFERROR(V63/U63, "X") -> 27.866667 | Z63: ='diesel used'!X63 -> 0 | AA63: ='diesel used'!Y63 -> 1672 | AB63: =IFERROR(AA63/Z63, "X") -> X | AE63: ='diesel used'!AC63 -> 0 | AF63: ='diesel used'!AD63 -> 1672 | AG63: =IFERROR(AF63/AE63, "X") -> X | AJ63: ='diesel used'!AH63 -> 0 | AK63: ='diesel used'!AI63 -> 0 | AL63: =IFERROR(AK63/AJ63, "X") -> X
A64: ='diesel used'!A64 -> 3 | B64: CMHL | C64: ='diesel used'!B64 -> CMISPK | D64: ='diesel used'!C64 -> 0 | H64: ='diesel used'!F64 -> 500 | K64: ='diesel used'!I64 -> 90 | L64: ='diesel used'!J64 -> 1736 | M64: =IFERROR(L64/K64, "X") -> 19.288889 | P64: ='diesel used'!N64 -> 236.392 | Q64: ='diesel used'!O64 -> 2371.2 | R64: =IFERROR(Q64/P64, "X") -> 10.030796 | U64: ='diesel used'!S64 -> 136.38 | V64: ='diesel used'!T64 -> 2863.98 | W64: =IFERROR(V64/U64, "X") -> 21 | Z64: ='diesel used'!X64 -> 340.95 | AA64: ='diesel used'!Y64 -> 2477.57 | AB64: =IFERROR(AA64/Z64, "X") -> 7.2666667 | AE64: ='diesel used'!AC64 -> 136.38 | AF64: ='diesel used'!AD64 -> 2250.27 | AG64: =IFERROR(AF64/AE64, "X") -> 16.5 | AJ64: ='diesel used'!AH64 -> 0 | AK64: ='diesel used'!AI64 -> 0 | AL64: =IFERROR(AK64/AJ64, "X") -> X
A65: ='diesel used'!A65 -> 4 | B65: CMHL | C65: ='diesel used'!B65 -> CMJ8 | D65: ='diesel used'!C65 -> 0 | H65: ='diesel used'!F65 -> 410 | K65: ='diesel used'!I65 -> 145 | L65: ='diesel used'!J65 -> 991 | M65: =IFERROR(L65/K65, "X") -> 6.8344828 | P65: ='diesel used'!N65 -> 36 | Q65: ='diesel used'!O65 -> 1446 | R65: =IFERROR(Q65/P65, "X") -> 40.166667 | U65: ='diesel used'!S65 -> 8 | V65: ='diesel used'!T65 -> 1923 | W65: =IFERROR(V65/U65, "X") -> 240.375 | Z65: ='diesel used'!X65 -> 8 | AA65: ='diesel used'!Y65 -> 1946 | AB65: =IFERROR(AA65/Z65, "X") -> 243.25 | AE65: ='diesel used'!AC65 -> 8 | AF65: ='diesel used'!AD65 -> 1938 | AG65: =IFERROR(AF65/AE65, "X") -> 242.25 | AJ65: ='diesel used'!AH65 -> 0 | AK65: ='diesel used'!AI65 -> 0 | AL65: =IFERROR(AK65/AJ65, "X") -> X
A66: ='diesel used'!A66 -> 5 | B66: CMHL | C66: ='diesel used'!B66 -> CMZWN | D66: ='diesel used'!C66 -> 0 | H66: ='diesel used'!F66 -> 350 | K66: ='diesel used'!I66 -> 81 | L66: ='diesel used'!J66 -> 225 | M66: =IFERROR(L66/K66, "X") -> 2.7777778 | P66: ='diesel used'!N66 -> 81 | Q66: ='diesel used'!O66 -> 675 | R66: =IFERROR(Q66/P66, "X") -> 8.3333333 | U66: ='diesel used'!S66 -> 196 | V66: ='diesel used'!T66 -> 450 | W66: =IFERROR(V66/U66, "X") -> 2.2959184 | Z66: ='diesel used'!X66 -> 270 | AA66: ='diesel used'!Y66 -> 247 | AB66: =IFERROR(AA66/Z66, "X") -> 0.91481481 | AE66: ='diesel used'!AC66 -> 324 | AF66: ='diesel used'!AD66 -> 585 | AG66: =IFERROR(AF66/AE66, "X") -> 1.8055556 | AJ66: ='diesel used'!AH66 -> 0 | AK66: ='diesel used'!AI66 -> 0 | AL66: =IFERROR(AK66/AJ66, "X") -> X
A67: ='diesel used'!A67 -> 6 | B67: CMHL | C67: ='diesel used'!B67 -> CMYK | D67: ='diesel used'!C67 -> 0 | H67: ='diesel used'!F67 -> 350 | K67: ='diesel used'!I67 -> 118.196 | L67: ='diesel used'!J67 -> 1816 | M67: =IFERROR(L67/K67, "X") -> 15.36431 | P67: ='diesel used'!N67 -> 136.38 | Q67: ='diesel used'!O67 -> 1589 | R67: =IFERROR(Q67/P67, "X") -> 11.651269 | U67: ='diesel used'!S67 -> - | V67: ='diesel used'!T67 -> 1666 | W67: =IFERROR(V67/U67, "X") -> X | Z67: ='diesel used'!X67 -> 258 | AA67: ='diesel used'!Y67 -> 1407 | AB67: =IFERROR(AA67/Z67, "X") -> 5.4534884 | AE67: ='diesel used'!AC67 -> 32 | AF67: ='diesel used'!AD67 -> 1376 | AG67: =IFERROR(AF67/AE67, "X") -> 43 | AJ67: ='diesel used'!AH67 -> 0 | AK67: ='diesel used'!AI67 -> 0 | AL67: =IFERROR(AK67/AJ67, "X") -> X
A68: ='diesel used'!A68 -> 7 | B68: CMHL | C68: ='diesel used'!B68 -> CMFMI | D68: ='diesel used'!C68 -> 0 | H68: ='diesel used'!F68 -> 315 | K68: ='diesel used'!I68 -> 13 | L68: ='diesel used'!J68 -> 1336 | M68: =IFERROR(L68/K68, "X") -> 102.76923 | P68: ='diesel used'!N68 -> 27 | Q68: ='diesel used'!O68 -> 1336 | R68: =IFERROR(Q68/P68, "X") -> 49.481481 | U68: ='diesel used'!S68 -> - | V68: ='diesel used'!T68 -> 1336 | W68: =IFERROR(V68/U68, "X") -> X | Z68: ='diesel used'!X68 -> 13 | AA68: ='diesel used'!Y68 -> 1336 | AB68: =IFERROR(AA68/Z68, "X") -> 102.76923 | AE68: ='diesel used'!AC68 -> 4 | AF68: ='diesel used'!AD68 -> 1563 | AG68: =IFERROR(AF68/AE68, "X") -> 390.75 | AJ68: ='diesel used'!AH68 -> 0 | AK68: ='diesel used'!AI68 -> 0 | AL68: =IFERROR(AK68/AJ68, "X") -> X
A69: ='diesel used'!A69 -> 8 | B69: CMHL | C69: ='diesel used'!B69 -> CMCWHAL | D69: ='diesel used'!C69 -> 0 | H69: ='diesel used'!F69 -> 160 | K69: ='diesel used'!I69 -> 32 | L69: ='diesel used'!J69 -> 1354 | M69: =IFERROR(L69/K69, "X") -> 42.3125 | P69: ='diesel used'!N69 -> 18.18 | Q69: ='diesel used'!O69 -> 1309 | R69: =IFERROR(Q69/P69, "X") -> 72.0022 | U69: ='diesel used'!S69 -> 45.46 | V69: ='diesel used'!T69 -> 1263 | W69: =IFERROR(V69/U69, "X") -> 27.782666 | Z69: ='diesel used'!X69 -> 274 | AA69: ='diesel used'!Y69 -> 1245 | AB69: =IFERROR(AA69/Z69, "X") -> 4.5437956 | AE69: ='diesel used'!AC69 -> - | AF69: ='diesel used'!AD69 -> 1245 | AG69: =IFERROR(AF69/AE69, "X") -> X | AJ69: ='diesel used'!AH69 -> 0 | AK69: ='diesel used'!AI69 -> 0 | AL69: =IFERROR(AK69/AJ69, "X") -> X
A70: ='diesel used'!A70 -> 9 | B70: CMHL | C70: ='diesel used'!B70 -> CMAL | D70: ='diesel used'!C70 -> 0 | H70: ='diesel used'!F70 -> 410 | K70: ='diesel used'!I70 -> 59 | L70: ='diesel used'!J70 -> 1180 | M70: =IFERROR(L70/K70, "X") -> 20 | P70: ='diesel used'!N70 -> 81 | Q70: ='diesel used'!O70 -> 1416 | R70: =IFERROR(Q70/P70, "X") -> 17.481481 | U70: ='diesel used'!S70 -> 0 | V70: ='diesel used'!T70 -> 1416 | W70: =IFERROR(V70/U70, "X") -> X | Z70: ='diesel used'!X70 -> 45 | AA70: ='diesel used'!Y70 -> 1407 | AB70: =IFERROR(AA70/Z70, "X") -> 31.266667 | AE70: ='diesel used'!AC70 -> 0 | AF70: ='diesel used'!AD70 -> 1407 | AG70: =IFERROR(AF70/AE70, "X") -> X | AJ70: ='diesel used'!AH70 -> 0 | AK70: ='diesel used'!AI70 -> 0 | AL70: =IFERROR(AK70/AJ70, "X") -> X
A71: ='diesel used'!A71 -> 10 | B71: CMHL | C71: ='diesel used'!B71 -> CMBH | D71: ='diesel used'!C71 -> 0 | H71: ='diesel used'!F71 -> 250 | K71: ='diesel used'!I71 -> 20 | L71: ='diesel used'!J71 -> 2310 | M71: =IFERROR(L71/K71, "X") -> 115.5 | P71: ='diesel used'!N71 -> 30 | Q71: ='diesel used'!O71 -> 2280 | R71: =IFERROR(Q71/P71, "X") -> 76 | U71: ='diesel used'!S71 -> 0 | V71: ='diesel used'!T71 -> 2280 | W71: =IFERROR(V71/U71, "X") -> X | Z71: ='diesel used'!X71 -> 0 | AA71: ='diesel used'!Y71 -> 2280 | AB71: =IFERROR(AA71/Z71, "X") -> X | AE71: ='diesel used'!AC71 -> 0 | AF71: ='diesel used'!AD71 -> 2500 | AG71: =IFERROR(AF71/AE71, "X") -> X | AJ71: ='diesel used'!AH71 -> 0 | AK71: ='diesel used'!AI71 -> 0 | AL71: =IFERROR(AK71/AJ71, "X") -> X
A72: ='diesel used'!A72 -> 11 | B72: CMHL | C72: ='diesel used'!B72 -> CMAT | D72: ='diesel used'!C72 -> 0 | H72: ='diesel used'!F72 -> 410 | K72: ='diesel used'!I72 -> 113.65 | L72: ='diesel used'!J72 -> 1097 | M72: =IFERROR(L72/K72, "X") -> 9.6524417 | P72: ='diesel used'!N72 -> 136.38 | Q72: ='diesel used'!O72 -> 984 | R72: =IFERROR(Q72/P72, "X") -> 7.2151342 | U72: ='diesel used'!S72 -> 42 | V72: ='diesel used'!T72 -> 946 | W72: =IFERROR(V72/U72, "X") -> 22.52381 | Z72: ='diesel used'!X72 -> 227 | AA72: ='diesel used'!Y72 -> 719 | AB72: =IFERROR(AA72/Z72, "X") -> 3.1674009 | AE72: ='diesel used'!AC72 -> 151 | AF72: ='diesel used'!AD72 -> 568 | AG72: =IFERROR(AF72/AE72, "X") -> 3.7615894 | AJ72: ='diesel used'!AH72 -> 0 | AK72: ='diesel used'!AI72 -> 0 | AL72: =IFERROR(AK72/AJ72, "X") -> X
A73: ='diesel used'!A73 -> 12 | B73: CMHL | C73: ='diesel used'!B73 -> CM50 | D73: ='diesel used'!C73 -> 0 | H73: ='diesel used'!F73 -> 350 | K73: ='diesel used'!I73 -> 160.6 | L73: ='diesel used'!J73 -> 2243 | M73: =IFERROR(L73/K73, "X") -> 13.966376 | P73: ='diesel used'!N73 -> 156.3 | Q73: ='diesel used'!O73 -> 2087 | R73: =IFERROR(Q73/P73, "X") -> 13.352527 | U73: ='diesel used'!S73 -> 40 | V73: ='diesel used'!T73 -> 2274 | W73: =IFERROR(V73/U73, "X") -> 56.85 | Z73: ='diesel used'!X73 -> 354 | AA73: ='diesel used'!Y73 -> 1919 | AB73: =IFERROR(AA73/Z73, "X") -> 5.420904 | AE73: ='diesel used'!AC73 -> 25 | AF73: ='diesel used'!AD73 -> 2121 | AG73: =IFERROR(AF73/AE73, "X") -> 84.84 | AJ73: ='diesel used'!AH73 -> 0 | AK73: ='diesel used'!AI73 -> 0 | AL73: =IFERROR(AK73/AJ73, "X") -> X
... A83: ='diesel used'!A83 -> 22 | B83: CMHL | C83: ='diesel used'!B83 -> MNCLT | D83: ='diesel used'!C83 -> 0 | H83: ='diesel used'!F83 -> 100 | K83: ='diesel used'!I83 -> 242 | L83: ='diesel used'!J83 -> 197 | M83: =IFERROR(L83/K83, "X") -> 0.81404959 | P83: ='diesel used'!N83 -> 60 | Q83: ='diesel used'!O83 -> 117 | R83: =IFERROR(Q83/P83, "X") -> 1.95 | U83: ='diesel used'!S83 -> 88 | V83: ='diesel used'!T83 -> 147 | W83: =IFERROR(V83/U83, "X") -> 1.6704545 | Z83: ='diesel used'!X83 -> 144 | AA83: ='diesel used'!Y83 -> 247 | AB83: =IFERROR(AA83/Z83, "X") -> 1.7152778 | AE83: ='diesel used'!AC83 -> 100 | AF83: ='diesel used'!AD83 -> 221 | AG83: =IFERROR(AF83/AE83, "X") -> 2.21 | AJ83: ='diesel used'!AH83 -> 0 | AK83: ='diesel used'!AI83 -> 0 | AL83: =IFERROR(AK83/AJ83, "X") -> X
A87: ='diesel used'!A87 -> 23 | B87: CMHL | C87: ='diesel used'!B87 -> DC09 | D87: ='diesel used'!C87 -> Regular | H87: ='diesel used'!F87 -> 350 | K87: ='diesel used'!I87+'diesel used'!I88 -> 25 | L87: ='diesel used'!J87 -> 1000 | M87: =IFERROR(L87/K87, "X") -> 40 | P87: ='diesel used'!N87+'diesel used'!N88 -> 127 | Q87: ='diesel used'!O87 -> 1000 | R87: =IFERROR(Q87/P87, "X") -> 7.8740157 | U87: ='diesel used'!S87+'diesel used'!S88 -> 0 | V87: ='diesel used'!T87 -> 0 | W87: =IFERROR(V87/U87, "X") -> X | Z87: ='diesel used'!X87+'diesel used'!X88 -> 0 | AA87: ='diesel used'!Y87 -> 0 | AB87: =IFERROR(AA87/Z87, "X") -> X | AE87: ='diesel used'!AC87+'diesel used'!AC88 -> 0 | AF87: ='diesel used'!AD87 -> 0 | AG87: =IFERROR(AF87/AE87, "X") -> X | AJ87: ='diesel used'!AH87+'diesel used'!AH88 -> 0 | AK87: ='diesel used'!AI87 -> 0 | AL87: =IFERROR(AK87/AJ87, "X") -> X
A88: ='diesel used'!A88 -> 24 | B88: CMHL | C88: ='diesel used'!B88 -> DC09 | D88: ='diesel used'!C88 -> 0 | H88: ='diesel used'!F88 -> 165 | M88: =IFERROR(L88/K88, "X") -> X | R88: =IFERROR(Q88/P88, "X") -> X | W88: =IFERROR(V88/U88, "X") -> X | AB88: =IFERROR(AA88/Z88, "X") -> X | AG88: =IFERROR(AF88/AE88, "X") -> X | AL88: =IFERROR(AK88/AJ88, "X") -> X
A89: ='diesel used'!A89 -> 25 | B89: CMHL | C89: ='diesel used'!B89 -> DC02 F&P | D89: ='diesel used'!C89 -> Regular | H89: ='diesel used'!F89 -> 550 | K89: ='diesel used'!I89+'diesel used'!I90 -> 9 | L89: ='diesel used'!J89 -> 3409 | M89: =IFERROR(L89/K89, "X") -> 378.77778 | P89: ='diesel used'!N89+'diesel used'!N90 -> 192 | Q89: ='diesel used'!O89 -> 3409 | R89: =IFERROR(Q89/P89, "X") -> 17.755208 | U89: ='diesel used'!S89+'diesel used'!S90 -> 145 | V89: ='diesel used'!T89 -> 3182 | W89: =IFERROR(V89/U89, "X") -> 21.944828 | Z89: ='diesel used'!X89+'diesel used'!X90 -> 297 | AA89: ='diesel used'!Y89 -> 3273 | AB89: =IFERROR(AA89/Z89, "X") -> 11.020202 | AE89: ='diesel used'!AC89+'diesel used'!AC90 -> 278 | AF89: ='diesel used'!AD89 -> 2864 | AG89: =IFERROR(AF89/AE89, "X") -> 10.302158 | AJ89: ='diesel used'!AH89+'diesel used'!AH90 -> 0 | AK89: ='diesel used'!AI89 -> 0 | AL89: =IFERROR(AK89/AJ89, "X") -> X
A90: ='diesel used'!A90 -> 26 | B90: CMHL | C90: ='diesel used'!B90 -> DC02 F&P | D90: ='diesel used'!C90 -> Regular | H90: ='diesel used'!F90 -> 220 | M90: =IFERROR(L90/K90, "X") -> X | R90: =IFERROR(Q90/P90, "X") -> X | W90: =IFERROR(V90/U90, "X") -> X | AB90: =IFERROR(AA90/Z90, "X") -> X | AG90: =IFERROR(AF90/AE90, "X") -> X | AL90: =IFERROR(AK90/AJ90, "X") -> X
A91: ='diesel used'!A91 -> 27 | B91: CMHL | C91: ='diesel used'!B91 -> DC02 F&P(KSS) | D91: ='diesel used'!C91 -> 0 | H91: ='diesel used'!F91 -> 550 | K91: ='diesel used'!I91+'diesel used'!I92 -> 22.73 | L91: ='diesel used'!J91 -> 16209.338 | M91: =IFERROR(L91/K91, "X") -> 713.1253 | P91: ='diesel used'!N91+'diesel used'!N92 -> 0 | Q91: ='diesel used'!O91 -> 16209.338 | R91: =IFERROR(Q91/P91, "X") -> X | U91: ='diesel used'!S91+'diesel used'!S92 -> 0 | V91: ='diesel used'!T91 -> 16209 | W91: =IFERROR(V91/U91, "X") -> X | Z91: ='diesel used'!X91+'diesel used'!X92 -> 0 | AA91: ='diesel used'!Y91 -> 16209 | AB91: =IFERROR(AA91/Z91, "X") -> X | AE91: ='diesel used'!AC91+'diesel used'!AC92 -> 54.552 | AF91: ='diesel used'!AD91 -> 16154 | AG91: =IFERROR(AF91/AE91, "X") -> 296.12113 | AJ91: ='diesel used'!AH91+'diesel used'!AH92 -> 0 | AK91: ='diesel used'!AI91 -> 0 | AL91: =IFERROR(AK91/AJ91, "X") -> X
A92: ='diesel used'!A92 -> 28 | B92: CMHL | C92: ='diesel used'!B92 -> DC02 F&P(KSS) | D92: ='diesel used'!C92 -> 0 | H92: ='diesel used'!F92 -> 275 | M92: =IFERROR(L92/K92, "X") -> X | R92: =IFERROR(Q92/P92, "X") -> X | W92: =IFERROR(V92/U92, "X") -> X | AB92: =IFERROR(AA92/Z92, "X") -> X | AG92: =IFERROR(AF92/AE92, "X") -> X | AL92: =IFERROR(AK92/AJ92, "X") -> X
A95: ='diesel used'!A95 -> 29 | B95: CMHL | C95: ='diesel used'!B95 -> HO | D95: ='diesel used'!C95 -> 0 | H95: ='diesel used'!F95 -> 700 | K95: ='diesel used'!I95+'diesel used'!I96 -> 45 | L95: ='diesel used'!J95 -> 0 | M95: =IFERROR(L95/K95, "X") -> 0 | P95: ='diesel used'!N95+'diesel used'!N96 -> 90 | Q95: ='diesel used'!O95 -> 0 | R95: =IFERROR(Q95/P95, "X") -> 0 | U95: ='diesel used'!S95+'diesel used'!S96 -> 0 | V95: ='diesel used'!T95 -> 0 | W95: =IFERROR(V95/U95, "X") -> X | Z95: ='diesel used'!X95+'diesel used'!X96 -> 0 | AA95: ='diesel used'!Y95 -> 0 | AB95: =IFERROR(AA95/Z95, "X") -> X | AE95: ='diesel used'!AC95+'diesel used'!AC96 -> 0 | AF95: ='diesel used'!AD95 -> 0 | AG95: =IFERROR(AF95/AE95, "X") -> X | AJ95: ='diesel used'!AH95+'diesel used'!AH96 -> 0 | AK95: ='diesel used'!AI95 -> 0 | AL95: =IFERROR(AK95/AJ95, "X") -> X
A96: ='diesel used'!A96 -> 30 | B96: CMHL | C96: ='diesel used'!B96 -> HO | D96: ='diesel used'!C96 -> 0 | H96: ='diesel used'!F96 -> 60 | M96: =IFERROR(L96/K96, "X") -> X | R96: =IFERROR(Q96/P96, "X") -> X | W96: =IFERROR(V96/U96, "X") -> X | AB96: =IFERROR(AA96/Z96, "X") -> X | AG96: =IFERROR(AF96/AE96, "X") -> X | AL96: =IFERROR(AK96/AJ96, "X") -> X
A97: ='diesel used'!A97 -> 31 | B97: CMHL | C97: ='diesel used'!B97 -> SSWH ( FM) | D97: ='diesel used'!C97 -> 0 | H97: ='diesel used'!F97 -> 0 | K97: ='diesel used'!I97 -> 0 | L97: ='diesel used'!J97 -> 0 | M97: =IFERROR(L97/K97, "X") -> X | P97: ='diesel used'!N97 -> 0 | Q97: ='diesel used'!O97 -> 0 | R97: =IFERROR(Q97/P97, "X") -> X | U97: ='diesel used'!S97 -> 0 | V97: ='diesel used'!T97 -> 0 | W97: =IFERROR(V97/U97, "X") -> X | Z97: ='diesel used'!X97 -> 0 | AA97: ='diesel used'!Y97 -> 0 | AB97: =IFERROR(AA97/Z97, "X") -> X | AE97: ='diesel used'!AC97 -> 0 | AF97: ='diesel used'!AD97 -> 0 | AG97: =IFERROR(AF97/AE97, "X") -> X | AJ97: ='diesel used'!AH97 -> 0 | AK97: ='diesel used'!AI97 -> 0 | AL97: =IFERROR(AK97/AJ97, "X") -> X
A100: ='diesel used'!A100 -> 32 | B100: CMHL | C100: ='diesel used'!B100 -> MCS (152)Stores | D100: ='diesel used'!C100 -> 0 | H100: ='diesel used'!F100 -> 0 | K100: ='diesel used'!I100 -> 180 | L100: ='diesel used'!J100 -> 0 | M100: =IFERROR(L100/K100, "X") -> 0 | P100: ='diesel used'!N100 -> 40 | Q100: ='diesel used'!O100 -> 0 | R100: =IFERROR(Q100/P100, "X") -> 0 | U100: ='diesel used'!S100 -> 0 | V100: ='diesel used'!T100 -> 0 | W100: =IFERROR(V100/U100, "X") -> X | Z100: ='diesel used'!X100 -> 0 | AA100: ='diesel used'!Y100 -> 0 | AB100: =IFERROR(AA100/Z100, "X") -> X | AE100: ='diesel used'!AC100 -> 0 | AF100: ='diesel used'!AD100 -> 0 | AG100: =IFERROR(AF100/AE100, "X") -> X | AJ100: ='diesel used'!AH100 -> 0 | AK100: ='diesel used'!AI100 -> 0 | AL100: =IFERROR(AK100/AJ100, "X") -> X
A104: ='diesel used'!A104 -> 33 | B104: CMHL | C104: ='diesel used'!B104 -> OCJN | D104: ='diesel used'!C104 -> 0 | H104: ='diesel used'!F104 -> 410 | K104: ='diesel used'!I104 -> 227 | L104: ='diesel used'!J104 -> 895 | M104: =IFERROR(L104/K104, "X") -> 3.9427313 | P104: ='diesel used'!N104 -> 272.76 | Q104: ='diesel used'!O104 -> 654 | R104: =IFERROR(Q104/P104, "X") -> 2.3977123 | U104: ='diesel used'!S104 -> 113 | V104: ='diesel used'!T104 -> 759 | W104: =IFERROR(V104/U104, "X") -> 6.7168142 | Z104: ='diesel used'!X104 -> 272 | AA104: ='diesel used'!Y104 -> 486 | AB104: =IFERROR(AA104/Z104, "X") -> 1.7867647 | AE104: ='diesel used'!AC104 -> 227 | AF104: ='diesel used'!AD104 -> 486 | AG104: =IFERROR(AF104/AE104, "X") -> 2.1409692 | AJ104: ='diesel used'!AH104 -> 0 | AK104: ='diesel used'!AI104 -> 0 | AL104: =IFERROR(AK104/AJ104, "X") -> X
A105: ='diesel used'!A105 -> 34 | B105: CMHL | C105: ='diesel used'!B105 -> OCTG | D105: ='diesel used'!C105 -> 0 | H105: ='diesel used'!F105 -> 550 | K105: ='diesel used'!I105 -> 204.57 | L105: ='diesel used'!J105 -> 3864.1 | M105: =IFERROR(L105/K105, "X") -> 18.888889 | P105: ='diesel used'!N105 -> 136.38 | Q105: ='diesel used'!O105 -> 3814.094 | R105: =IFERROR(Q105/P105, "X") -> 27.966667 | U105: ='diesel used'!S105 -> 18.184 | V105: ='diesel used'!T105 -> 3795.91 | W105: =IFERROR(V105/U105, "X") -> 208.75 | Z105: ='diesel used'!X105 -> 0 | AA105: ='diesel used'!Y105 -> 5977.99 | AB105: =IFERROR(AA105/Z105, "X") -> X | AE105: ='diesel used'!AC105 -> 43.187 | AF105: ='diesel used'!AD105 -> 5932.53 | AG105: =IFERROR(AF105/AE105, "X") -> 137.36842 | AJ105: ='diesel used'!AH105 -> 0 | AK105: ='diesel used'!AI105 -> 0 | AL105: =IFERROR(AK105/AJ105, "X") -> X
A106: ='diesel used'!A106 -> 35 | B106: CMHL | C106: ='diesel used'!B106 -> OCDP | D106: ='diesel used'!C106 -> 0 | H106: ='diesel used'!F106 -> 375 | K106: ='diesel used'!I106 -> 0 | L106: ='diesel used'!J106 -> 2037 | M106: =IFERROR(L106/K106, "X") -> X | P106: ='diesel used'!N106 -> 38 | Q106: ='diesel used'!O106 -> 1999 | R106: =IFERROR(Q106/P106, "X") -> 52.605263 | U106: ='diesel used'!S106 -> 2 | V106: ='diesel used'!T106 -> 1997 | W106: =IFERROR(V106/U106, "X") -> 998.5 | Z106: ='diesel used'!X106 -> 0 | AA106: ='diesel used'!Y106 -> 1997 | AB106: =IFERROR(AA106/Z106, "X") -> X | AE106: ='diesel used'!AC106 -> 3 | AF106: ='diesel used'!AD106 -> 1994 | AG106: =IFERROR(AF106/AE106, "X") -> 664.66667 | AJ106: ='diesel used'!AH106 -> 0 | AK106: ='diesel used'!AI106 -> 0 | AL106: =IFERROR(AK106/AJ106, "X") -> X
A108: ='diesel used'!A108 -> 36 | B108: CMHL | C108: ='diesel used'!B108 -> DC09 | D108: ='diesel used'!C108 -> Regular | H108: ='diesel used'!F108 -> 350 | K108: ='diesel used'!I108 -> 0 | L108: ='diesel used'!J108 -> 872.832 | M108: =IFERROR(L108/K108, "X") -> X | P108: ='diesel used'!N108 -> 0 | Q108: ='diesel used'!O108 -> 873 | R108: =IFERROR(Q108/P108, "X") -> X | U108: ='diesel used'!S108 -> 23 | V108: ='diesel used'!T108 -> 872.832 | W108: =IFERROR(V108/U108, "X") -> 37.949217 | Z108: ='diesel used'!X108 -> 2.273 | AA108: ='diesel used'!Y108 -> 2686.7 | AB108: =IFERROR(AA108/Z108, "X") -> 1182.0062 | AE108: ='diesel used'!AC108 -> 0 | AF108: ='diesel used'!AD108 -> 2687 | AG108: =IFERROR(AF108/AE108, "X") -> X | AJ108: ='diesel used'!AH108 -> 0 | AK108: ='diesel used'!AI108 -> 0 | AL108: =IFERROR(AK108/AJ108, "X") -> X
B109: CMHL | C109: ='diesel used'!B109 -> 0 | D109: ='diesel used'!C109 -> 0 | H109: ='diesel used'!F109 -> 165 | K109: ='diesel used'!I109 -> 0 | L109: ='diesel used'!J109 -> 0 | M109: =IFERROR(L109/K109, "X") -> X | P109: ='diesel used'!N109 -> 0 | Q109: ='diesel used'!O109 -> 0 | R109: =IFERROR(Q109/P109, "X") -> X | U109: ='diesel used'!S109 -> 0 | V109: ='diesel used'!T109 -> 0 | W109: =IFERROR(V109/U109, "X") -> X | Z109: ='diesel used'!X109 -> 0 | AA109: ='diesel used'!Y109 -> 0 | AB109: =IFERROR(AA109/Z109, "X") -> X | AE109: ='diesel used'!AC109 -> 0 | AF109: ='diesel used'!AD109 -> 0 | AG109: =IFERROR(AF109/AE109, "X") -> X | AJ109: ='diesel used'!AH109 -> 0 | AK109: ='diesel used'!AI109 -> 0 | AL109: =IFERROR(AK109/AJ109, "X") -> X
